[{"pk": 1, "model": "cms.placeholder", "fields": {"slot": "home_template_content", "default_width": null}}, {"pk": 2, "model": "cms.placeholder", "fields": {"slot": "base_content", "default_width": null}}, {"pk": 3, "model": "cms.placeholder", "fields": {"slot": "home_template_content", "default_width": null}}, {"pk": 4, "model": "cms.placeholder", "fields": {"slot": "base_content", "default_width": null}}, {"pk": 5, "model": "cms.placeholder", "fields": {"slot": "faq_template_content", "default_width": null}}, {"pk": 6, "model": "cms.placeholder", "fields": {"slot": "base_content", "default_width": null}}, {"pk": 7, "model": "cms.placeholder", "fields": {"slot": "faq_template_content", "default_width": null}}, {"pk": 8, "model": "cms.placeholder", "fields": {"slot": "base_content", "default_width": null}}, {"pk": 11, "model": "cms.placeholder", "fields": {"slot": "faq_template_content", "default_width": null}}, {"pk": 12, "model": "cms.placeholder", "fields": {"slot": "base_content", "default_width": null}}, {"pk": 15, "model": "cms.placeholder", "fields": {"slot": "faq_template_content", "default_width": null}}, {"pk": 16, "model": "cms.placeholder", "fields": {"slot": "base_content", "default_width": null}}, {"pk": 17, "model": "cms.placeholder", "fields": {"slot": "textpage_content", "default_width": null}}, {"pk": 18, "model": "cms.placeholder", "fields": {"slot": "base_content", "default_width": null}}, {"pk": 19, "model": "cms.placeholder", "fields": {"slot": "textpage_content", "default_width": null}}, {"pk": 20, "model": "cms.placeholder", "fields": {"slot": "base_content", "default_width": null}}, {"pk": 21, "model": "cms.placeholder", "fields": {"slot": "textpage_content", "default_width": null}}, {"pk": 22, "model": "cms.placeholder", "fields": {"slot": "base_content", "default_width": null}}, {"pk": 23, "model": "cms.placeholder", "fields": {"slot": "textpage_content", "default_width": null}}, {"pk": 24, "model": "cms.placeholder", "fields": {"slot": "base_content", "default_width": null}}, {"pk": 25, "model": "cms.placeholder", "fields": {"slot": "textpage_content", "default_width": null}}, {"pk": 26, "model": "cms.placeholder", "fields": {"slot": "base_content", "default_width": null}}, {"pk": 27, "model": "cms.placeholder", "fields": {"slot": "home_template_content", "default_width": null}}, {"pk": 28, "model": "cms.placeholder", "fields": {"slot": "textpage_content", "default_width": null}}, {"pk": 29, "model": "cms.placeholder", "fields": {"slot": "base_content", "default_width": null}}, {"pk": 30, "model": "cms.placeholder", "fields": {"slot": "home_template_content", "default_width": null}}, {"pk": 31, "model": "cms.placeholder", "fields": {"slot": "textpage_content", "default_width": null}}, {"pk": 32, "model": "cms.placeholder", "fields": {"slot": "base_content", "default_width": null}}, {"pk": 33, "model": "cms.placeholder", "fields": {"slot": "textpage_content", "default_width": null}}, {"pk": 34, "model": "cms.placeholder", "fields": {"slot": "base_content", "default_width": null}}, {"pk": 35, "model": "cms.placeholder", "fields": {"slot": "home_template_content", "default_width": null}}, {"pk": 36, "model": "cms.placeholder", "fields": {"slot": "base_content", "default_width": null}}, {"pk": 37, "model": "cms.placeholder", "fields": {"slot": "home_template_content", "default_width": null}}, {"pk": 38, "model": "cms.placeholder", "fields": {"slot": "base_content", "default_width": null}}, {"pk": 39, "model": "cms.placeholder", "fields": {"slot": "textpage_content", "default_width": null}}, {"pk": 40, "model": "cms.placeholder", "fields": {"slot": "textpage_content", "default_width": null}}, {"pk": 41, "model": "cms.placeholder", "fields": {"slot": "textpage_content", "default_width": null}}, {"pk": 42, "model": "cms.placeholder", "fields": {"slot": "base_content", "default_width": null}}, {"pk": 43, "model": "cms.placeholder", "fields": {"slot": "textpage_content", "default_width": null}}, {"pk": 44, "model": "cms.placeholder", "fields": {"slot": "base_content", "default_width": null}}, {"pk": 45, "model": "cms.placeholder", "fields": {"slot": "textpage_content", "default_width": null}}, {"pk": 46, "model": "cms.placeholder", "fields": {"slot": "base_content", "default_width": null}}, {"pk": 47, "model": "cms.placeholder", "fields": {"slot": "textpage_content", "default_width": null}}, {"pk": 48, "model": "cms.placeholder", "fields": {"slot": "base_content", "default_width": null}}, {"pk": 49, "model": "cms.placeholder", "fields": {"slot": "textpage_content", "default_width": null}}, {"pk": 50, "model": "cms.placeholder", "fields": {"slot": "base_content", "default_width": null}}, {"pk": 51, "model": "cms.placeholder", "fields": {"slot": "textpage_content", "default_width": null}}, {"pk": 52, "model": "cms.placeholder", "fields": {"slot": "base_content", "default_width": null}}, {"pk": 53, "model": "cms.placeholder", "fields": {"slot": "textpage_content", "default_width": null}}, {"pk": 54, "model": "cms.placeholder", "fields": {"slot": "base_content", "default_width": null}}, {"pk": 55, "model": "cms.placeholder", "fields": {"slot": "textpage_content", "default_width": null}}, {"pk": 56, "model": "cms.placeholder", "fields": {"slot": "base_content", "default_width": null}}, {"pk": 57, "model": "cms.placeholder", "fields": {"slot": "textpage_content", "default_width": null}}, {"pk": 58, "model": "cms.placeholder", "fields": {"slot": "base_content", "default_width": null}}, {"pk": 59, "model": "cms.placeholder", "fields": {"slot": "textpage_content", "default_width": null}}, {"pk": 60, "model": "cms.placeholder", "fields": {"slot": "base_content", "default_width": null}}, {"pk": 61, "model": "cms.placeholder", "fields": {"slot": "textpage_content", "default_width": null}}, {"pk": 62, "model": "cms.placeholder", "fields": {"slot": "base_content", "default_width": null}}, {"pk": 63, "model": "cms.placeholder", "fields": {"slot": "textpage_content", "default_width": null}}, {"pk": 64, "model": "cms.placeholder", "fields": {"slot": "base_content", "default_width": null}}, {"pk": 65, "model": "cms.placeholder", "fields": {"slot": "textpage_content", "default_width": null}}, {"pk": 66, "model": "cms.placeholder", "fields": {"slot": "base_content", "default_width": null}}, {"pk": 67, "model": "cms.placeholder", "fields": {"slot": "textpage_content", "default_width": null}}, {"pk": 68, "model": "cms.placeholder", "fields": {"slot": "base_content", "default_width": null}}, {"pk": 72, "model": "cms.placeholder", "fields": {"slot": "home_template_content", "default_width": null}}, {"pk": 73, "model": "cms.placeholder", "fields": {"slot": "base_content", "default_width": null}}, {"pk": 74, "model": "cms.placeholder", "fields": {"slot": "textpage_content", "default_width": null}}, {"pk": 77, "model": "cms.placeholder", "fields": {"slot": "textpage_content", "default_width": null}}, {"pk": 78, "model": "cms.placeholder", "fields": {"slot": "base_content", "default_width": null}}, {"pk": 79, "model": "cms.placeholder", "fields": {"slot": "textpage_content", "default_width": null}}, {"pk": 80, "model": "cms.placeholder", "fields": {"slot": "base_content", "default_width": null}}, {"pk": 81, "model": "cms.placeholder", "fields": {"slot": "textpage_content", "default_width": null}}, {"pk": 82, "model": "cms.placeholder", "fields": {"slot": "base_content", "default_width": null}}, {"pk": 83, "model": "cms.placeholder", "fields": {"slot": "home_template_content", "default_width": null}}, {"pk": 84, "model": "cms.placeholder", "fields": {"slot": "textpage_content", "default_width": null}}, {"pk": 85, "model": "cms.placeholder", "fields": {"slot": "textpage_content", "default_width": null}}, {"pk": 86, "model": "cms.placeholder", "fields": {"slot": "home_template_content", "default_width": null}}, {"pk": 87, "model": "cms.placeholder", "fields": {"slot": "home_template_content", "default_width": null}}, {"pk": 88, "model": "cms.placeholder", "fields": {"slot": "base_content", "default_width": null}}, {"pk": 89, "model": "cms.placeholder", "fields": {"slot": "home_template_content", "default_width": null}}, {"pk": 90, "model": "cms.placeholder", "fields": {"slot": "base_content", "default_width": null}}, {"pk": 1, "model": "cms.cmsplugin", "fields": {"rght": 2, "changed_date": "2013-11-18T17:17:10.322Z", "parent": null, "language": "en", "level": 0, "creation_date": "2013-11-18T15:28:41.522Z", "lft": 1, "tree_id": 1, "position": 0, "placeholder": 1, "plugin_type": "TextPlugin"}}, {"pk": 6, "model": "cms.cmsplugin", "fields": {"rght": 2, "changed_date": "2013-12-12T15:01:21.770Z", "parent": null, "language": "en", "level": 0, "creation_date": "2013-11-18T16:41:08.270Z", "lft": 1, "tree_id": 6, "position": 0, "placeholder": 5, "plugin_type": "TextPlugin"}}, {"pk": 14, "model": "cms.cmsplugin", "fields": {"rght": 2, "changed_date": "2013-11-18T17:34:02.576Z", "parent": null, "language": "en", "level": 0, "creation_date": "2013-11-18T17:33:54.061Z", "lft": 1, "tree_id": 14, "position": 0, "placeholder": 15, "plugin_type": "TextPlugin"}}, {"pk": 16, "model": "cms.cmsplugin", "fields": {"rght": 2, "changed_date": "2013-11-25T17:16:16.428Z", "parent": null, "language": "en", "level": 0, "creation_date": "2013-11-18T17:31:23.151Z", "lft": 1, "tree_id": 16, "position": 0, "placeholder": 11, "plugin_type": "TextPlugin"}}, {"pk": 18, "model": "cms.cmsplugin", "fields": {"rght": 2, "changed_date": "2013-12-12T19:09:23.486Z", "parent": null, "language": "en", "level": 0, "creation_date": "2013-12-02T14:26:19.181Z", "lft": 1, "tree_id": 18, "position": 0, "placeholder": 17, "plugin_type": "TextPlugin"}}, {"pk": 21, "model": "cms.cmsplugin", "fields": {"rght": 2, "changed_date": "2013-12-02T14:33:44.201Z", "parent": null, "language": "en", "level": 0, "creation_date": "2013-12-02T14:33:31.747Z", "lft": 1, "tree_id": 21, "position": 0, "placeholder": 21, "plugin_type": "TextPlugin"}}, {"pk": 22, "model": "cms.cmsplugin", "fields": {"rght": 2, "changed_date": "2013-12-02T14:34:45.967Z", "parent": null, "language": "en", "level": 0, "creation_date": "2013-12-02T14:33:31.747Z", "lft": 1, "tree_id": 22, "position": 0, "placeholder": 23, "plugin_type": "TextPlugin"}}, {"pk": 26, "model": "cms.cmsplugin", "fields": {"rght": 2, "changed_date": "2013-12-05T15:34:14.662Z", "parent": null, "language": "en", "level": 0, "creation_date": "2013-12-05T15:34:09.781Z", "lft": 1, "tree_id": 26, "position": 1, "placeholder": 1, "plugin_type": "EventPlugin"}}, {"pk": 27, "model": "cms.cmsplugin", "fields": {"rght": 2, "changed_date": "2013-12-05T15:34:22.175Z", "parent": null, "language": "en", "level": 0, "creation_date": "2013-11-18T15:28:41.522Z", "lft": 1, "tree_id": 27, "position": 0, "placeholder": 3, "plugin_type": "TextPlugin"}}, {"pk": 28, "model": "cms.cmsplugin", "fields": {"rght": 2, "changed_date": "2013-12-05T15:34:22.169Z", "parent": null, "language": "en", "level": 0, "creation_date": "2013-12-05T15:34:09.781Z", "lft": 1, "tree_id": 28, "position": 1, "placeholder": 3, "plugin_type": "EventPlugin"}}, {"pk": 30, "model": "cms.cmsplugin", "fields": {"rght": 2, "changed_date": "2013-12-05T17:20:23.386Z", "parent": null, "language": "en", "level": 0, "creation_date": "2013-12-05T16:49:59.832Z", "lft": 1, "tree_id": 30, "position": 0, "placeholder": 35, "plugin_type": "TextPlugin"}}, {"pk": 32, "model": "cms.cmsplugin", "fields": {"rght": 2, "changed_date": "2013-12-05T17:25:33.754Z", "parent": null, "language": "en", "level": 0, "creation_date": "2013-12-05T17:25:12.111Z", "lft": 1, "tree_id": 32, "position": 0, "placeholder": 39, "plugin_type": "TextPlugin"}}, {"pk": 35, "model": "cms.cmsplugin", "fields": {"rght": 2, "changed_date": "2013-12-05T17:27:43.240Z", "parent": null, "language": "en", "level": 0, "creation_date": "2013-12-05T17:27:31.996Z", "lft": 1, "tree_id": 35, "position": 0, "placeholder": 41, "plugin_type": "TextPlugin"}}, {"pk": 37, "model": "cms.cmsplugin", "fields": {"rght": 2, "changed_date": "2013-12-05T17:28:32.394Z", "parent": null, "language": "en", "level": 0, "creation_date": "2013-12-05T17:28:20.158Z", "lft": 1, "tree_id": 37, "position": 0, "placeholder": 45, "plugin_type": "TextPlugin"}}, {"pk": 39, "model": "cms.cmsplugin", "fields": {"rght": 2, "changed_date": "2013-12-05T17:29:23.774Z", "parent": null, "language": "en", "level": 0, "creation_date": "2013-12-05T17:29:02.711Z", "lft": 1, "tree_id": 39, "position": 0, "placeholder": 49, "plugin_type": "TextPlugin"}}, {"pk": 41, "model": "cms.cmsplugin", "fields": {"rght": 2, "changed_date": "2013-12-05T17:30:12.982Z", "parent": null, "language": "en", "level": 0, "creation_date": "2013-12-05T17:29:53.026Z", "lft": 1, "tree_id": 41, "position": 0, "placeholder": 53, "plugin_type": "TextPlugin"}}, {"pk": 43, "model": "cms.cmsplugin", "fields": {"rght": 2, "changed_date": "2013-12-12T17:30:00.342Z", "parent": null, "language": "en", "level": 0, "creation_date": "2013-12-05T17:30:30.060Z", "lft": 1, "tree_id": 43, "position": 0, "placeholder": 57, "plugin_type": "TextPlugin"}}, {"pk": 47, "model": "cms.cmsplugin", "fields": {"rght": 2, "changed_date": "2013-12-05T17:31:13.835Z", "parent": null, "language": "en", "level": 0, "creation_date": "2013-12-05T17:29:53.026Z", "lft": 1, "tree_id": 47, "position": 0, "placeholder": 55, "plugin_type": "TextPlugin"}}, {"pk": 49, "model": "cms.cmsplugin", "fields": {"rght": 2, "changed_date": "2013-12-05T17:31:21.554Z", "parent": null, "language": "en", "level": 0, "creation_date": "2013-12-05T17:28:20.158Z", "lft": 1, "tree_id": 49, "position": 0, "placeholder": 47, "plugin_type": "TextPlugin"}}, {"pk": 50, "model": "cms.cmsplugin", "fields": {"rght": 2, "changed_date": "2013-12-05T17:31:25.151Z", "parent": null, "language": "en", "level": 0, "creation_date": "2013-12-05T17:27:31.996Z", "lft": 1, "tree_id": 50, "position": 0, "placeholder": 43, "plugin_type": "TextPlugin"}}, {"pk": 51, "model": "cms.cmsplugin", "fields": {"rght": 2, "changed_date": "2013-12-05T17:31:58.545Z", "parent": null, "language": "en", "level": 0, "creation_date": "2013-12-05T17:31:46.401Z", "lft": 1, "tree_id": 51, "position": 0, "placeholder": 61, "plugin_type": "TextPlugin"}}, {"pk": 52, "model": "cms.cmsplugin", "fields": {"rght": 2, "changed_date": "2013-12-05T17:32:06.009Z", "parent": null, "language": "en", "level": 0, "creation_date": "2013-12-05T17:31:46.401Z", "lft": 1, "tree_id": 52, "position": 0, "placeholder": 63, "plugin_type": "TextPlugin"}}, {"pk": 53, "model": "cms.cmsplugin", "fields": {"rght": 2, "changed_date": "2013-12-05T17:32:35.231Z", "parent": null, "language": "en", "level": 0, "creation_date": "2013-12-05T17:32:24.228Z", "lft": 1, "tree_id": 53, "position": 0, "placeholder": 65, "plugin_type": "TextPlugin"}}, {"pk": 54, "model": "cms.cmsplugin", "fields": {"rght": 2, "changed_date": "2013-12-05T17:32:42.320Z", "parent": null, "language": "en", "level": 0, "creation_date": "2013-12-05T17:32:24.228Z", "lft": 1, "tree_id": 54, "position": 0, "placeholder": 67, "plugin_type": "TextPlugin"}}, {"pk": 57, "model": "cms.cmsplugin", "fields": {"rght": 2, "changed_date": "2013-12-12T14:37:28.754Z", "parent": null, "language": "en", "level": 0, "creation_date": "2013-12-12T14:36:57.116Z", "lft": 1, "tree_id": 57, "position": 0, "placeholder": 72, "plugin_type": "TextPlugin"}}, {"pk": 58, "model": "cms.cmsplugin", "fields": {"rght": 2, "changed_date": "2013-12-12T14:37:28.772Z", "parent": null, "language": "en", "level": 0, "creation_date": "2013-12-12T14:37:17.516Z", "lft": 1, "tree_id": 58, "position": 0, "placeholder": 74, "plugin_type": "TextPlugin"}}, {"pk": 60, "model": "cms.cmsplugin", "fields": {"rght": 2, "changed_date": "2013-12-12T14:54:21.006Z", "parent": null, "language": "en", "level": 0, "creation_date": "2013-12-12T14:38:09.742Z", "lft": 1, "tree_id": 60, "position": 0, "placeholder": 77, "plugin_type": "TextPlugin"}}, {"pk": 62, "model": "cms.cmsplugin", "fields": {"rght": 2, "changed_date": "2013-12-12T17:30:03.519Z", "parent": null, "language": "en", "level": 0, "creation_date": "2013-12-05T17:30:30.060Z", "lft": 1, "tree_id": 62, "position": 0, "placeholder": 59, "plugin_type": "TextPlugin"}}, {"pk": 63, "model": "cms.cmsplugin", "fields": {"rght": 2, "changed_date": "2013-12-12T18:25:30.782Z", "parent": null, "language": "en", "level": 0, "creation_date": "2013-12-12T18:25:21.805Z", "lft": 1, "tree_id": 63, "position": 0, "placeholder": 79, "plugin_type": "TextPlugin"}}, {"pk": 64, "model": "cms.cmsplugin", "fields": {"rght": 2, "changed_date": "2013-12-12T18:25:49.357Z", "parent": null, "language": "en", "level": 0, "creation_date": "2013-12-12T18:25:21.805Z", "lft": 1, "tree_id": 64, "position": 0, "placeholder": 81, "plugin_type": "TextPlugin"}}, {"pk": 65, "model": "cms.cmsplugin", "fields": {"rght": 2, "changed_date": "2013-12-12T18:38:44.054Z", "parent": null, "language": "en", "level": 0, "creation_date": "2013-12-12T18:35:09.213Z", "lft": 1, "tree_id": 65, "position": 0, "placeholder": 84, "plugin_type": "TextPlugin"}}, {"pk": 66, "model": "cms.cmsplugin", "fields": {"rght": 2, "changed_date": "2013-12-12T18:39:38.643Z", "parent": null, "language": "en", "level": 0, "creation_date": "2013-11-18T16:41:08.270Z", "lft": 1, "tree_id": 66, "position": 0, "placeholder": 7, "plugin_type": "TextPlugin"}}, {"pk": 67, "model": "cms.cmsplugin", "fields": {"rght": 2, "changed_date": "2013-12-12T18:39:38.662Z", "parent": null, "language": "en", "level": 0, "creation_date": "2013-12-12T18:35:09.213Z", "lft": 1, "tree_id": 67, "position": 0, "placeholder": 85, "plugin_type": "TextPlugin"}}, {"pk": 68, "model": "cms.cmsplugin", "fields": {"rght": 2, "changed_date": "2013-12-12T18:44:58.963Z", "parent": null, "language": "en", "level": 0, "creation_date": "2013-12-12T18:44:41.790Z", "lft": 1, "tree_id": 68, "position": 1, "placeholder": 49, "plugin_type": "FilePlugin"}}, {"pk": 69, "model": "cms.cmsplugin", "fields": {"rght": 2, "changed_date": "2013-12-12T18:45:06.731Z", "parent": null, "language": "en", "level": 0, "creation_date": "2013-12-05T17:29:02.711Z", "lft": 1, "tree_id": 69, "position": 0, "placeholder": 51, "plugin_type": "TextPlugin"}}, {"pk": 70, "model": "cms.cmsplugin", "fields": {"rght": 2, "changed_date": "2013-12-12T18:45:06.725Z", "parent": null, "language": "en", "level": 0, "creation_date": "2013-12-12T18:44:41.790Z", "lft": 1, "tree_id": 70, "position": 1, "placeholder": 51, "plugin_type": "FilePlugin"}}, {"pk": 71, "model": "cms.cmsplugin", "fields": {"rght": 2, "changed_date": "2013-12-12T19:02:04.071Z", "parent": null, "language": "en", "level": 0, "creation_date": "2013-12-12T18:53:07.753Z", "lft": 1, "tree_id": 71, "position": 1, "placeholder": 35, "plugin_type": "TeaserPlugin"}}, {"pk": 72, "model": "cms.cmsplugin", "fields": {"rght": 2, "changed_date": "2013-12-12T19:02:08.351Z", "parent": null, "language": "en", "level": 0, "creation_date": "2013-12-05T16:49:59.832Z", "lft": 1, "tree_id": 72, "position": 0, "placeholder": 37, "plugin_type": "TextPlugin"}}, {"pk": 73, "model": "cms.cmsplugin", "fields": {"rght": 2, "changed_date": "2013-12-12T19:02:08.345Z", "parent": null, "language": "en", "level": 0, "creation_date": "2013-12-12T18:53:07.753Z", "lft": 1, "tree_id": 73, "position": 1, "placeholder": 37, "plugin_type": "TeaserPlugin"}}, {"pk": 74, "model": "cms.cmsplugin", "fields": {"rght": 2, "changed_date": "2013-12-12T19:02:08.368Z", "parent": null, "language": "en", "level": 0, "creation_date": "2013-12-05T17:25:12.111Z", "lft": 1, "tree_id": 74, "position": 0, "placeholder": 40, "plugin_type": "TextPlugin"}}, {"pk": 76, "model": "cms.cmsplugin", "fields": {"rght": 2, "changed_date": "2013-12-12T19:09:40.038Z", "parent": null, "language": "en", "level": 0, "creation_date": "2013-12-12T19:09:33.674Z", "lft": 1, "tree_id": 76, "position": 1, "placeholder": 17, "plugin_type": "InheritPagePlaceholderPlugin"}}, {"pk": 77, "model": "cms.cmsplugin", "fields": {"rght": 2, "changed_date": "2013-12-12T19:09:48.041Z", "parent": null, "language": "en", "level": 0, "creation_date": "2013-12-02T14:26:19.181Z", "lft": 1, "tree_id": 77, "position": 0, "placeholder": 19, "plugin_type": "TextPlugin"}}, {"pk": 78, "model": "cms.cmsplugin", "fields": {"rght": 2, "changed_date": "2013-12-12T19:09:48.035Z", "parent": null, "language": "en", "level": 0, "creation_date": "2013-12-12T19:09:33.674Z", "lft": 1, "tree_id": 78, "position": 1, "placeholder": 19, "plugin_type": "InheritPagePlaceholderPlugin"}}, {"pk": 79, "model": "cms.cmsplugin", "fields": {"rght": 2, "changed_date": "2014-01-14T15:58:27.200Z", "parent": null, "language": "en", "level": 0, "creation_date": "2014-01-14T15:58:06.049Z", "lft": 1, "tree_id": 79, "position": 0, "placeholder": 87, "plugin_type": "PicturePlugin"}}, {"pk": 80, "model": "cms.cmsplugin", "fields": {"rght": 2, "changed_date": "2014-01-14T15:58:35.594Z", "parent": null, "language": "en", "level": 0, "creation_date": "2014-01-14T15:58:06.049Z", "lft": 1, "tree_id": 80, "position": 0, "placeholder": 89, "plugin_type": "PicturePlugin"}}, {"pk": 1, "model": "cms.page", "fields": {"rght": 10, "navigation_extenders": "", "site": 1, "creation_date": "2013-11-18T15:27:41.872Z", "lft": 1, "in_navigation": true, "reverse_id": null, "login_required": false, "created_by": "admin", "publication_end_date": null, "template": "home.html", "tree_id": 1, "placeholders": [1, 2], "changed_date": "2013-12-05T15:34:22.185Z", "limit_visibility_in_menu": null, "parent": null, "publisher_state": 0, "soft_root": false, "publication_date": "2013-11-18T15:28:09.480Z", "publisher_public": 2, "level": 0, "changed_by": "admin", "publisher_is_draft": true, "published": true}}, {"pk": 2, "model": "cms.page", "fields": {"rght": 16, "navigation_extenders": "", "site": 1, "creation_date": "2013-11-18T15:28:13.279Z", "lft": 1, "in_navigation": true, "reverse_id": null, "login_required": false, "created_by": "admin", "publication_end_date": null, "template": "home.html", "tree_id": 2, "placeholders": [3, 4], "changed_date": "2013-12-05T15:34:22.126Z", "limit_visibility_in_menu": null, "parent": null, "publisher_state": 0, "soft_root": false, "publication_date": "2013-11-18T15:28:09.480Z", "publisher_public": 1, "level": 0, "changed_by": "admin", "publisher_is_draft": false, "published": true}}, {"pk": 3, "model": "cms.page", "fields": {"rght": 3, "navigation_extenders": "", "site": 1, "creation_date": "2013-11-18T16:37:16.631Z", "lft": 2, "in_navigation": true, "reverse_id": null, "login_required": false, "created_by": "admin", "publication_end_date": null, "template": "textpage.html", "tree_id": 1, "placeholders": [5, 6, 83, 84], "changed_date": "2013-12-12T18:39:38.670Z", "limit_visibility_in_menu": null, "parent": 1, "publisher_state": 0, "soft_root": false, "publication_date": "2013-11-18T16:37:27.004Z", "publisher_public": 4, "level": 1, "changed_by": "admin", "publisher_is_draft": true, "published": true}}, {"pk": 4, "model": "cms.page", "fields": {"rght": 7, "navigation_extenders": "", "site": 1, "creation_date": "2013-11-18T16:41:33.292Z", "lft": 4, "in_navigation": true, "reverse_id": null, "login_required": false, "created_by": "admin", "publication_end_date": null, "template": "textpage.html", "tree_id": 2, "placeholders": [7, 8, 85, 86], "changed_date": "2013-12-12T18:39:38.607Z", "limit_visibility_in_menu": null, "parent": 2, "publisher_state": 0, "soft_root": false, "publication_date": "2013-11-18T16:37:27.004Z", "publisher_public": 3, "level": 1, "changed_by": "admin", "publisher_is_draft": false, "published": true}}, {"pk": 9, "model": "cms.page", "fields": {"rght": 5, "navigation_extenders": "", "site": 1, "creation_date": "2013-12-02T14:26:09.821Z", "lft": 4, "in_navigation": true, "reverse_id": null, "login_required": false, "created_by": "admin", "publication_end_date": null, "template": "textpage.html", "tree_id": 1, "placeholders": [17, 18], "changed_date": "2013-12-12T19:09:48.051Z", "limit_visibility_in_menu": null, "parent": 1, "publisher_state": 0, "soft_root": false, "publication_date": "2013-12-02T14:26:47.741Z", "publisher_public": 10, "level": 1, "changed_by": "admin", "publisher_is_draft": true, "published": true}}, {"pk": 10, "model": "cms.page", "fields": {"rght": 9, "navigation_extenders": "", "site": 1, "creation_date": "2013-12-02T14:26:50.302Z", "lft": 8, "in_navigation": true, "reverse_id": null, "login_required": false, "created_by": "admin", "publication_end_date": null, "template": "textpage.html", "tree_id": 2, "placeholders": [19, 20], "changed_date": "2013-12-12T19:09:47.998Z", "limit_visibility_in_menu": null, "parent": 2, "publisher_state": 0, "soft_root": false, "publication_date": "2013-12-02T14:26:47.741Z", "publisher_public": 9, "level": 1, "changed_by": "admin", "publisher_is_draft": false, "published": true}}, {"pk": 11, "model": "cms.page", "fields": {"rght": 7, "navigation_extenders": "", "site": 1, "creation_date": "2013-12-02T14:33:22.874Z", "lft": 6, "in_navigation": true, "reverse_id": null, "login_required": false, "created_by": "admin", "publication_end_date": null, "template": "textpage.html", "tree_id": 1, "placeholders": [21, 22], "changed_date": "2013-12-05T16:36:37.782Z", "limit_visibility_in_menu": null, "parent": 1, "publisher_state": 0, "soft_root": false, "publication_date": "2013-12-02T14:33:40.829Z", "publisher_public": 12, "level": 1, "changed_by": "admin", "publisher_is_draft": true, "published": true}}, {"pk": 12, "model": "cms.page", "fields": {"rght": 11, "navigation_extenders": "", "site": 1, "creation_date": "2013-12-02T14:33:45.788Z", "lft": 10, "in_navigation": true, "reverse_id": null, "login_required": false, "created_by": "admin", "publication_end_date": null, "template": "textpage.html", "tree_id": 2, "placeholders": [23, 24], "changed_date": "2013-12-05T16:36:37.827Z", "limit_visibility_in_menu": null, "parent": 2, "publisher_state": 0, "soft_root": false, "publication_date": "2013-12-02T14:33:40.829Z", "publisher_public": 11, "level": 1, "changed_by": "admin", "publisher_is_draft": false, "published": true}}, {"pk": 13, "model": "cms.page", "fields": {"rght": 18, "navigation_extenders": "", "site": 1, "creation_date": "2013-12-02T14:54:05.784Z", "lft": 1, "in_navigation": true, "reverse_id": null, "login_required": false, "created_by": "admin", "publication_end_date": null, "template": "textpage.html", "tree_id": 12, "placeholders": [25, 26, 27], "changed_date": "2013-12-05T20:08:49.327Z", "limit_visibility_in_menu": null, "parent": null, "publisher_state": 0, "soft_root": false, "publication_date": "2013-12-02T14:59:43.110Z", "publisher_public": 14, "level": 0, "changed_by": "admin", "publisher_is_draft": true, "published": true}}, {"pk": 14, "model": "cms.page", "fields": {"rght": 18, "navigation_extenders": "", "site": 1, "creation_date": "2013-12-02T14:59:48.078Z", "lft": 1, "in_navigation": true, "reverse_id": null, "login_required": false, "created_by": "admin", "publication_end_date": null, "template": "textpage.html", "tree_id": 6, "placeholders": [28, 29, 30], "changed_date": "2013-12-05T20:08:49.299Z", "limit_visibility_in_menu": null, "parent": null, "publisher_state": 0, "soft_root": false, "publication_date": "2013-12-02T14:59:43.110Z", "publisher_public": 13, "level": 0, "changed_by": "admin", "publisher_is_draft": false, "published": true}}, {"pk": 15, "model": "cms.page", "fields": {"rght": 4, "navigation_extenders": "", "site": 1, "creation_date": "2013-12-02T17:23:12.216Z", "lft": 1, "in_navigation": true, "reverse_id": null, "login_required": false, "created_by": "admin", "publication_end_date": null, "template": "textpage.html", "tree_id": 13, "placeholders": [31, 32], "changed_date": "2013-12-02T17:23:33.121Z", "limit_visibility_in_menu": null, "parent": null, "publisher_state": 0, "soft_root": false, "publication_date": "2013-12-02T17:23:23.854Z", "publisher_public": 16, "level": 0, "changed_by": "admin", "publisher_is_draft": true, "published": true}}, {"pk": 16, "model": "cms.page", "fields": {"rght": 6, "navigation_extenders": "", "site": 1, "creation_date": "2013-12-02T17:23:33.091Z", "lft": 1, "in_navigation": true, "reverse_id": null, "login_required": false, "created_by": "admin", "publication_end_date": null, "template": "textpage.html", "tree_id": 7, "placeholders": [33, 34], "changed_date": "2013-12-02T17:23:33.091Z", "limit_visibility_in_menu": null, "parent": null, "publisher_state": 0, "soft_root": false, "publication_date": "2013-12-02T17:23:23.854Z", "publisher_public": 15, "level": 0, "changed_by": "admin", "publisher_is_draft": false, "published": true}}, {"pk": 17, "model": "cms.page", "fields": {"rght": 17, "navigation_extenders": "", "site": 1, "creation_date": "2013-12-05T16:49:45.851Z", "lft": 2, "in_navigation": true, "reverse_id": null, "login_required": false, "created_by": "admin", "publication_end_date": null, "template": "home.html", "tree_id": 12, "placeholders": [35, 36, 39], "changed_date": "2013-12-12T19:02:08.375Z", "limit_visibility_in_menu": null, "parent": 13, "publisher_state": 0, "soft_root": false, "publication_date": "2013-12-05T16:50:10.496Z", "publisher_public": 18, "level": 1, "changed_by": "admin", "publisher_is_draft": true, "published": true}}, {"pk": 18, "model": "cms.page", "fields": {"rght": 17, "navigation_extenders": "", "site": 1, "creation_date": "2013-12-05T16:50:15.460Z", "lft": 2, "in_navigation": true, "reverse_id": null, "login_required": false, "created_by": "admin", "publication_end_date": null, "template": "home.html", "tree_id": 6, "placeholders": [37, 38, 40], "changed_date": "2013-12-12T19:02:08.302Z", "limit_visibility_in_menu": null, "parent": 14, "publisher_state": 0, "soft_root": false, "publication_date": "2013-12-05T16:50:10.496Z", "publisher_public": 17, "level": 1, "changed_by": "admin", "publisher_is_draft": false, "published": true}}, {"pk": 19, "model": "cms.page", "fields": {"rght": 4, "navigation_extenders": "", "site": 1, "creation_date": "2013-12-05T17:27:22.597Z", "lft": 3, "in_navigation": true, "reverse_id": null, "login_required": false, "created_by": "admin", "publication_end_date": null, "template": "textpage.html", "tree_id": 12, "placeholders": [41, 42], "changed_date": "2013-12-05T17:31:25.160Z", "limit_visibility_in_menu": null, "parent": 17, "publisher_state": 0, "soft_root": false, "publication_date": "2013-12-05T17:27:40.752Z", "publisher_public": 20, "level": 2, "changed_by": "admin", "publisher_is_draft": true, "published": true}}, {"pk": 20, "model": "cms.page", "fields": {"rght": 4, "navigation_extenders": "", "site": 1, "creation_date": "2013-12-05T17:27:45.715Z", "lft": 3, "in_navigation": true, "reverse_id": null, "login_required": false, "created_by": "admin", "publication_end_date": null, "template": "textpage.html", "tree_id": 6, "placeholders": [43, 44], "changed_date": "2013-12-05T17:31:25.116Z", "limit_visibility_in_menu": null, "parent": 18, "publisher_state": 0, "soft_root": false, "publication_date": "2013-12-05T17:27:40.752Z", "publisher_public": 19, "level": 2, "changed_by": "admin", "publisher_is_draft": false, "published": true}}, {"pk": 21, "model": "cms.page", "fields": {"rght": 6, "navigation_extenders": "", "site": 1, "creation_date": "2013-12-05T17:28:13.481Z", "lft": 5, "in_navigation": true, "reverse_id": null, "login_required": false, "created_by": "admin", "publication_end_date": null, "template": "textpage.html", "tree_id": 12, "placeholders": [45, 46], "changed_date": "2013-12-05T17:31:21.563Z", "limit_visibility_in_menu": null, "parent": 17, "publisher_state": 0, "soft_root": false, "publication_date": "2013-12-05T17:28:32.382Z", "publisher_public": 22, "level": 2, "changed_by": "admin", "publisher_is_draft": true, "published": true}}, {"pk": 22, "model": "cms.page", "fields": {"rght": 6, "navigation_extenders": "", "site": 1, "creation_date": "2013-12-05T17:28:37.346Z", "lft": 5, "in_navigation": true, "reverse_id": null, "login_required": false, "created_by": "admin", "publication_end_date": null, "template": "textpage.html", "tree_id": 6, "placeholders": [47, 48], "changed_date": "2013-12-05T17:31:21.520Z", "limit_visibility_in_menu": null, "parent": 18, "publisher_state": 0, "soft_root": false, "publication_date": "2013-12-05T17:28:32.382Z", "publisher_public": 21, "level": 2, "changed_by": "admin", "publisher_is_draft": false, "published": true}}, {"pk": 23, "model": "cms.page", "fields": {"rght": 16, "navigation_extenders": "", "site": 1, "creation_date": "2013-12-05T17:28:54.983Z", "lft": 7, "in_navigation": true, "reverse_id": null, "login_required": false, "created_by": "admin", "publication_end_date": null, "template": "textpage.html", "tree_id": 12, "placeholders": [49, 50], "changed_date": "2013-12-12T18:45:06.741Z", "limit_visibility_in_menu": null, "parent": 17, "publisher_state": 0, "soft_root": false, "publication_date": "2013-12-05T17:29:20.948Z", "publisher_public": 24, "level": 2, "changed_by": "admin", "publisher_is_draft": true, "published": true}}, {"pk": 24, "model": "cms.page", "fields": {"rght": 16, "navigation_extenders": "", "site": 1, "creation_date": "2013-12-05T17:29:25.912Z", "lft": 7, "in_navigation": true, "reverse_id": null, "login_required": false, "created_by": "admin", "publication_end_date": null, "template": "textpage.html", "tree_id": 6, "placeholders": [51, 52], "changed_date": "2013-12-12T18:45:06.690Z", "limit_visibility_in_menu": null, "parent": 18, "publisher_state": 0, "soft_root": false, "publication_date": "2013-12-05T17:29:20.948Z", "publisher_public": 23, "level": 2, "changed_by": "admin", "publisher_is_draft": false, "published": true}}, {"pk": 25, "model": "cms.page", "fields": {"rght": 9, "navigation_extenders": "", "site": 1, "creation_date": "2013-12-05T17:29:46.171Z", "lft": 8, "in_navigation": true, "reverse_id": null, "login_required": false, "created_by": "admin", "publication_end_date": null, "template": "textpage.html", "tree_id": 12, "placeholders": [53, 54], "changed_date": "2013-12-05T17:31:13.844Z", "limit_visibility_in_menu": null, "parent": 23, "publisher_state": 0, "soft_root": false, "publication_date": "2013-12-05T17:30:09.748Z", "publisher_public": 26, "level": 3, "changed_by": "admin", "publisher_is_draft": true, "published": true}}, {"pk": 26, "model": "cms.page", "fields": {"rght": 9, "navigation_extenders": "", "site": 1, "creation_date": "2013-12-05T17:30:14.710Z", "lft": 8, "in_navigation": true, "reverse_id": null, "login_required": false, "created_by": "admin", "publication_end_date": null, "template": "textpage.html", "tree_id": 6, "placeholders": [55, 56], "changed_date": "2013-12-05T17:31:13.801Z", "limit_visibility_in_menu": null, "parent": 24, "publisher_state": 0, "soft_root": false, "publication_date": "2013-12-05T17:30:09.748Z", "publisher_public": 25, "level": 3, "changed_by": "admin", "publisher_is_draft": false, "published": true}}, {"pk": 27, "model": "cms.page", "fields": {"rght": 11, "navigation_extenders": "", "site": 1, "creation_date": "2013-12-05T17:30:26.453Z", "lft": 10, "in_navigation": true, "reverse_id": null, "login_required": false, "created_by": "admin", "publication_end_date": null, "template": "textpage.html", "tree_id": 12, "placeholders": [57, 58], "changed_date": "2013-12-12T17:30:03.528Z", "limit_visibility_in_menu": null, "parent": 23, "publisher_state": 0, "soft_root": false, "publication_date": "2013-12-05T17:30:39.835Z", "publisher_public": 28, "level": 3, "changed_by": "admin", "publisher_is_draft": true, "published": true}}, {"pk": 28, "model": "cms.page", "fields": {"rght": 11, "navigation_extenders": "", "site": 1, "creation_date": "2013-12-05T17:30:44.798Z", "lft": 10, "in_navigation": true, "reverse_id": null, "login_required": false, "created_by": "admin", "publication_end_date": null, "template": "textpage.html", "tree_id": 6, "placeholders": [59, 60], "changed_date": "2013-12-12T17:30:03.484Z", "limit_visibility_in_menu": null, "parent": 24, "publisher_state": 0, "soft_root": false, "publication_date": "2013-12-05T17:30:39.835Z", "publisher_public": 27, "level": 3, "changed_by": "admin", "publisher_is_draft": false, "published": true}}, {"pk": 29, "model": "cms.page", "fields": {"rght": 13, "navigation_extenders": "", "site": 1, "creation_date": "2013-12-05T17:31:40.446Z", "lft": 12, "in_navigation": true, "reverse_id": null, "login_required": false, "created_by": "admin", "publication_end_date": null, "template": "textpage.html", "tree_id": 12, "placeholders": [61, 62], "changed_date": "2013-12-05T17:32:06.018Z", "limit_visibility_in_menu": null, "parent": 23, "publisher_state": 0, "soft_root": false, "publication_date": "2013-12-05T17:31:56.642Z", "publisher_public": 30, "level": 3, "changed_by": "admin", "publisher_is_draft": true, "published": true}}, {"pk": 30, "model": "cms.page", "fields": {"rght": 13, "navigation_extenders": "", "site": 1, "creation_date": "2013-12-05T17:32:05.980Z", "lft": 12, "in_navigation": true, "reverse_id": null, "login_required": false, "created_by": "admin", "publication_end_date": null, "template": "textpage.html", "tree_id": 6, "placeholders": [63, 64], "changed_date": "2013-12-05T17:32:05.980Z", "limit_visibility_in_menu": null, "parent": 24, "publisher_state": 0, "soft_root": false, "publication_date": "2013-12-05T17:31:56.642Z", "publisher_public": 29, "level": 3, "changed_by": "admin", "publisher_is_draft": false, "published": true}}, {"pk": 31, "model": "cms.page", "fields": {"rght": 15, "navigation_extenders": "", "site": 1, "creation_date": "2013-12-05T17:32:16.995Z", "lft": 14, "in_navigation": true, "reverse_id": null, "login_required": false, "created_by": "admin", "publication_end_date": null, "template": "textpage.html", "tree_id": 12, "placeholders": [65, 66], "changed_date": "2013-12-05T17:32:42.329Z", "limit_visibility_in_menu": null, "parent": 23, "publisher_state": 0, "soft_root": false, "publication_date": "2013-12-05T17:32:34.193Z", "publisher_public": 32, "level": 3, "changed_by": "admin", "publisher_is_draft": true, "published": true}}, {"pk": 32, "model": "cms.page", "fields": {"rght": 15, "navigation_extenders": "", "site": 1, "creation_date": "2013-12-05T17:32:42.291Z", "lft": 14, "in_navigation": true, "reverse_id": null, "login_required": false, "created_by": "admin", "publication_end_date": null, "template": "textpage.html", "tree_id": 6, "placeholders": [67, 68], "changed_date": "2013-12-05T17:32:42.291Z", "limit_visibility_in_menu": null, "parent": 24, "publisher_state": 0, "soft_root": false, "publication_date": "2013-12-05T17:32:34.193Z", "publisher_public": 31, "level": 3, "changed_by": "admin", "publisher_is_draft": false, "published": true}}, {"pk": 33, "model": "cms.page", "fields": {"rght": 3, "navigation_extenders": "", "site": 1, "creation_date": "2013-12-12T18:25:17.868Z", "lft": 2, "in_navigation": true, "reverse_id": null, "login_required": false, "created_by": "admin", "publication_end_date": null, "template": "textpage.html", "tree_id": 13, "placeholders": [79, 80], "changed_date": "2013-12-12T18:25:49.366Z", "limit_visibility_in_menu": null, "parent": 15, "publisher_state": 0, "soft_root": false, "publication_date": "2013-12-12T18:25:28.179Z", "publisher_public": 34, "level": 1, "changed_by": "admin", "publisher_is_draft": true, "published": true}}, {"pk": 34, "model": "cms.page", "fields": {"rght": 3, "navigation_extenders": "", "site": 1, "creation_date": "2013-12-12T18:25:33.144Z", "lft": 2, "in_navigation": true, "reverse_id": null, "login_required": false, "created_by": "admin", "publication_end_date": null, "template": "textpage.html", "tree_id": 7, "placeholders": [81, 82], "changed_date": "2013-12-12T18:25:49.321Z", "limit_visibility_in_menu": null, "parent": 16, "publisher_state": 0, "soft_root": false, "publication_date": "2013-12-12T18:25:28.179Z", "publisher_public": 33, "level": 1, "changed_by": "admin", "publisher_is_draft": false, "published": true}}, {"pk": 35, "model": "cms.page", "fields": {"rght": 9, "navigation_extenders": "", "site": 1, "creation_date": "2014-01-14T15:57:52.121Z", "lft": 8, "in_navigation": true, "reverse_id": null, "login_required": false, "created_by": "admin", "publication_end_date": null, "template": "home.html", "tree_id": 1, "placeholders": [87, 88], "changed_date": "2014-01-14T15:58:53.922Z", "limit_visibility_in_menu": null, "parent": 1, "publisher_state": 0, "soft_root": false, "publication_date": "2014-01-14T15:58:27.252Z", "publisher_public": 36, "level": 1, "changed_by": "admin", "publisher_is_draft": true, "published": true}}, {"pk": 36, "model": "cms.page", "fields": {"rght": 13, "navigation_extenders": "", "site": 1, "creation_date": "2014-01-14T15:58:35.566Z", "lft": 12, "in_navigation": true, "reverse_id": null, "login_required": false, "created_by": "admin", "publication_end_date": null, "template": "home.html", "tree_id": 2, "placeholders": [89, 90], "changed_date": "2014-01-14T15:58:53.965Z", "limit_visibility_in_menu": null, "parent": 2, "publisher_state": 0, "soft_root": false, "publication_date": "2014-01-14T15:58:27.252Z", "publisher_public": 35, "level": 1, "changed_by": "admin", "publisher_is_draft": false, "published": true}}, {"pk": 1, "model": "cms.title", "fields": {"menu_title": "", "redirect": "", "meta_keywords": "", "page_title": "", "language": "en", "title": "Home", "has_url_overwrite": false, "application_urls": "", "creation_date": "2013-11-18T15:27:41.884Z", "page": 1, "path": "", "meta_description": "", "slug": "home"}}, {"pk": 2, "model": "cms.title", "fields": {"menu_title": "", "redirect": "", "meta_keywords": "", "page_title": "", "language": "en", "title": "Home", "has_url_overwrite": false, "application_urls": "", "creation_date": "2013-11-18T15:27:41.884Z", "page": 2, "path": "", "meta_description": "", "slug": "home"}}, {"pk": 3, "model": "cms.title", "fields": {"menu_title": "", "redirect": "", "meta_keywords": "", "page_title": "", "language": "en", "title": "Help", "has_url_overwrite": false, "application_urls": "", "creation_date": "2013-11-18T16:37:16.642Z", "page": 3, "path": "help", "meta_description": "", "slug": "help"}}, {"pk": 4, "model": "cms.title", "fields": {"menu_title": "", "redirect": "", "meta_keywords": "", "page_title": "", "language": "en", "title": "Help", "has_url_overwrite": false, "application_urls": "", "creation_date": "2013-11-18T16:37:16.642Z", "page": 4, "path": "help", "meta_description": "", "slug": "help"}}, {"pk": 9, "model": "cms.title", "fields": {"menu_title": "", "redirect": "", "meta_keywords": "", "page_title": "", "language": "en", "title": "Bug report", "has_url_overwrite": false, "application_urls": "", "creation_date": "2013-12-02T14:26:09.837Z", "page": 9, "path": "bug-report", "meta_description": "", "slug": "bug-report"}}, {"pk": 10, "model": "cms.title", "fields": {"menu_title": "", "redirect": "", "meta_keywords": "", "page_title": "", "language": "en", "title": "Bug report", "has_url_overwrite": false, "application_urls": "", "creation_date": "2013-12-02T14:26:09.837Z", "page": 10, "path": "bug-report", "meta_description": "", "slug": "bug-report"}}, {"pk": 11, "model": "cms.title", "fields": {"menu_title": null, "redirect": null, "meta_keywords": null, "page_title": null, "language": "en", "title": "Copyright", "has_url_overwrite": false, "application_urls": null, "creation_date": "2013-12-02T14:33:22.888Z", "page": 11, "path": "copyright", "meta_description": null, "slug": "copyright"}}, {"pk": 12, "model": "cms.title", "fields": {"menu_title": null, "redirect": null, "meta_keywords": null, "page_title": null, "language": "en", "title": "Copyright", "has_url_overwrite": false, "application_urls": null, "creation_date": "2013-12-02T14:33:22.888Z", "page": 12, "path": "copyright", "meta_description": null, "slug": "copyright"}}, {"pk": 13, "model": "cms.title", "fields": {"menu_title": "", "redirect": "", "meta_keywords": "", "page_title": "", "language": "en", "title": "Archive", "has_url_overwrite": false, "application_urls": "ArchiveApphook", "creation_date": "2013-12-02T14:54:05.800Z", "page": 13, "path": "archive", "meta_description": "", "slug": "archive"}}, {"pk": 14, "model": "cms.title", "fields": {"menu_title": "", "redirect": "", "meta_keywords": "", "page_title": "", "language": "en", "title": "Archive", "has_url_overwrite": false, "application_urls": "ArchiveApphook", "creation_date": "2013-12-02T14:54:05.800Z", "page": 14, "path": "archive", "meta_description": "", "slug": "archive"}}, {"pk": 15, "model": "cms.title", "fields": {"menu_title": "", "redirect": "", "meta_keywords": "", "page_title": "", "language": "en", "title": "Community", "has_url_overwrite": false, "application_urls": "CommunityApphook", "creation_date": "2013-12-02T17:23:12.230Z", "page": 15, "path": "community", "meta_description": "", "slug": "community"}}, {"pk": 16, "model": "cms.title", "fields": {"menu_title": "", "redirect": "", "meta_keywords": "", "page_title": "", "language": "en", "title": "Community", "has_url_overwrite": false, "application_urls": "CommunityApphook", "creation_date": "2013-12-02T17:23:12.230Z", "page": 16, "path": "community", "meta_description": "", "slug": "community"}}, {"pk": 17, "model": "cms.title", "fields": {"menu_title": "", "redirect": "", "meta_keywords": "", "page_title": "", "language": "en", "title": "Documents", "has_url_overwrite": false, "application_urls": "", "creation_date": "2013-12-05T16:49:45.864Z", "page": 17, "path": "archive/documents", "meta_description": "", "slug": "documents"}}, {"pk": 18, "model": "cms.title", "fields": {"menu_title": "", "redirect": "", "meta_keywords": "", "page_title": "", "language": "en", "title": "Documents", "has_url_overwrite": false, "application_urls": "", "creation_date": "2013-12-05T16:49:45.864Z", "page": 18, "path": "archive/documents", "meta_description": "", "slug": "documents"}}, {"pk": 19, "model": "cms.title", "fields": {"menu_title": null, "redirect": null, "meta_keywords": null, "page_title": null, "language": "en", "title": "Interpreter", "has_url_overwrite": false, "application_urls": null, "creation_date": "2013-12-05T17:27:22.610Z", "page": 19, "path": "archive/documents/interpreter", "meta_description": null, "slug": "interpreter"}}, {"pk": 20, "model": "cms.title", "fields": {"menu_title": null, "redirect": null, "meta_keywords": null, "page_title": null, "language": "en", "title": "Interpreter", "has_url_overwrite": false, "application_urls": null, "creation_date": "2013-12-05T17:27:22.610Z", "page": 20, "path": "archive/documents/interpreter", "meta_description": null, "slug": "interpreter"}}, {"pk": 21, "model": "cms.title", "fields": {"menu_title": null, "redirect": null, "meta_keywords": null, "page_title": null, "language": "en", "title": "Blocked list", "has_url_overwrite": false, "application_urls": null, "creation_date": "2013-12-05T17:28:13.496Z", "page": 21, "path": "archive/documents/blocked-list", "meta_description": null, "slug": "blocked-list"}}, {"pk": 22, "model": "cms.title", "fields": {"menu_title": null, "redirect": null, "meta_keywords": null, "page_title": null, "language": "en", "title": "Blocked list", "has_url_overwrite": false, "application_urls": null, "creation_date": "2013-12-05T17:28:13.496Z", "page": 22, "path": "archive/documents/blocked-list", "meta_description": null, "slug": "blocked-list"}}, {"pk": 23, "model": "cms.title", "fields": {"menu_title": null, "redirect": null, "meta_keywords": null, "page_title": null, "language": "en", "title": "Membership", "has_url_overwrite": false, "application_urls": null, "creation_date": "2013-12-05T17:28:54.998Z", "page": 23, "path": "archive/documents/membership", "meta_description": null, "slug": "membership"}}, {"pk": 24, "model": "cms.title", "fields": {"menu_title": null, "redirect": null, "meta_keywords": null, "page_title": null, "language": "en", "title": "Membership", "has_url_overwrite": false, "application_urls": null, "creation_date": "2013-12-05T17:28:54.998Z", "page": 24, "path": "archive/documents/membership", "meta_description": null, "slug": "membership"}}, {"pk": 25, "model": "cms.title", "fields": {"menu_title": null, "redirect": null, "meta_keywords": null, "page_title": null, "language": "en", "title": "Travel", "has_url_overwrite": false, "application_urls": null, "creation_date": "2013-12-05T17:29:46.185Z", "page": 25, "path": "archive/documents/membership/travel", "meta_description": null, "slug": "travel"}}, {"pk": 26, "model": "cms.title", "fields": {"menu_title": null, "redirect": null, "meta_keywords": null, "page_title": null, "language": "en", "title": "Travel", "has_url_overwrite": false, "application_urls": null, "creation_date": "2013-12-05T17:29:46.185Z", "page": 26, "path": "archive/documents/membership/travel", "meta_description": null, "slug": "travel"}}, {"pk": 27, "model": "cms.title", "fields": {"menu_title": null, "redirect": null, "meta_keywords": null, "page_title": null, "language": "en", "title": "Trade", "has_url_overwrite": false, "application_urls": null, "creation_date": "2013-12-05T17:30:26.469Z", "page": 27, "path": "archive/documents/membership/trade", "meta_description": null, "slug": "trade"}}, {"pk": 28, "model": "cms.title", "fields": {"menu_title": null, "redirect": null, "meta_keywords": null, "page_title": null, "language": "en", "title": "Trade", "has_url_overwrite": false, "application_urls": null, "creation_date": "2013-12-05T17:30:26.469Z", "page": 28, "path": "archive/documents/membership/trade", "meta_description": null, "slug": "trade"}}, {"pk": 29, "model": "cms.title", "fields": {"menu_title": "", "redirect": "", "meta_keywords": "", "page_title": "", "language": "en", "title": "Phone", "has_url_overwrite": false, "application_urls": "", "creation_date": "2013-12-05T17:31:40.462Z", "page": 29, "path": "archive/documents/membership/phone", "meta_description": "", "slug": "phone"}}, {"pk": 30, "model": "cms.title", "fields": {"menu_title": "", "redirect": "", "meta_keywords": "", "page_title": "", "language": "en", "title": "Phone", "has_url_overwrite": false, "application_urls": "", "creation_date": "2013-12-05T17:31:40.462Z", "page": 30, "path": "archive/documents/membership/phone", "meta_description": "", "slug": "phone"}}, {"pk": 31, "model": "cms.title", "fields": {"menu_title": "", "redirect": "", "meta_keywords": "", "page_title": "", "language": "en", "title": "Council", "has_url_overwrite": false, "application_urls": "", "creation_date": "2013-12-05T17:32:17.010Z", "page": 31, "path": "archive/documents/membership/council", "meta_description": "", "slug": "council"}}, {"pk": 32, "model": "cms.title", "fields": {"menu_title": "", "redirect": "", "meta_keywords": "", "page_title": "", "language": "en", "title": "Council", "has_url_overwrite": false, "application_urls": "", "creation_date": "2013-12-05T17:32:17.010Z", "page": 32, "path": "archive/documents/membership/council", "meta_description": "", "slug": "council"}}, {"pk": 33, "model": "cms.title", "fields": {"menu_title": null, "redirect": null, "meta_keywords": null, "page_title": null, "language": "en", "title": "Rules", "has_url_overwrite": false, "application_urls": null, "creation_date": "2013-12-12T18:25:17.886Z", "page": 33, "path": "community/rules", "meta_description": null, "slug": "rules"}}, {"pk": 34, "model": "cms.title", "fields": {"menu_title": null, "redirect": null, "meta_keywords": null, "page_title": null, "language": "en", "title": "Rules", "has_url_overwrite": false, "application_urls": null, "creation_date": "2013-12-12T18:25:17.886Z", "page": 34, "path": "community/rules", "meta_description": null, "slug": "rules"}}, {"pk": 35, "model": "cms.title", "fields": {"menu_title": "", "redirect": "", "meta_keywords": "", "page_title": "", "language": "en", "title": "Subpage", "has_url_overwrite": false, "application_urls": "", "creation_date": "2014-01-14T15:57:52.134Z", "page": 35, "path": "subpage", "meta_description": "", "slug": "subpage"}}, {"pk": 36, "model": "cms.title", "fields": {"menu_title": "", "redirect": "", "meta_keywords": "", "page_title": "", "language": "en", "title": "Subpage", "has_url_overwrite": false, "application_urls": "", "creation_date": "2014-01-14T15:57:52.134Z", "page": 36, "path": "subpage", "meta_description": "", "slug": "subpage"}}]