[
{
  "pk": 1, 
  "model": "archive.universe", 
  "fields": {
    "medium": "Book", 
    "time_difference": "0 (reference point)", 
    "description": "Story and parent universe unknown.", 
    "parent": null, 
    "title": "Zhera's home world"
  }
},
{
  "pk": 2, 
  "model": "archive.universe", 
  "fields": {
    "medium": "Book", 
    "time_difference": "0", 
    "description": "Story and parent universe unknown; probably shares a parent with Zhera's home world. Branch point from Zhera's home world is probably in 1998.", 
    "parent": null, 
    "title": "Karen's home world"
  }
},
{
  "pk": 3, 
  "model": "archive.universe", 
  "fields": {
    "medium": "Live-action", 
    "time_difference": "0", 
    "description": "American adaptation of the Japanese \"Super Sentai\".", 
    "parent": 1, 
    "title": "Power Rangers"
  }
},
{
  "pk": 4, 
  "model": "archive.universe", 
  "fields": {
    "medium": "Live-action", 
    "time_difference": "0", 
    "description": "Parent universe unknown. Alternate form of Power Rangers, branch point prior to 2003.", 
    "parent": null, 
    "title": "Hexagon"
  }
},
{
  "pk": 5, 
  "model": "archive.universe", 
  "fields": {
    "medium": "Book", 
    "time_difference": "unknown", 
    "description": "The form of the Tolkienverse that comes from universes where the Silmarillion and other posthumous works were never published. Called \"boxed\" because it consists of only the Hobbit and the trilogy, which are often sold as a boxed set.", 
    "parent": null, 
    "title": "Tolkienverse (boxed)"
  }
},
{
  "pk": 6, 
  "model": "archive.universe", 
  "fields": {
    "medium": "Live-action", 
    "time_difference": "unknown", 
    "description": "The Lord of the Rings and Hobbit films from universes where they were all directed by Peter Jackson.", 
    "parent": 1, 
    "title": "Tolkienverse (Jackson films)"
  }
},
{
  "pk": 7, 
  "model": "archive.universe", 
  "fields": {
    "medium": "Book", 
    "time_difference": "unknown", 
    "description": "It has been hypothesized that wizards can be found among all sentient species, as Hogwarts owls have managed to get across universes to reach non-humans. However, negotiations with the Ministry of Magic have stalled, and as it stands, travelers from other universes are forbidden to enter this universe unless it pertains to those negotiations, even to attend Hogwarts.", 
    "parent": 1, 
    "title": "Harry Potter"
  }
},
{
  "pk": 8, 
  "model": "archive.universe", 
  "fields": {
    "medium": "Live-action", 
    "time_difference": "unknown", 
    "description": "Highly volatile. TTA members are forbidden from entering this universe without a majority vote from the Council.", 
    "parent": 1, 
    "title": "Whoniverse"
  }
},
{
  "pk": 9, 
  "model": "archive.universe", 
  "fields": {
    "medium": "Book", 
    "time_difference": "unknown", 
    "description": "Magic is programming and the universe runs Linux.\r\nHas an undetermined number of not-deities, called the Powers that Be, who regulate the use of magic.", 
    "parent": 1, 
    "title": "Young Wizards"
  }
},
{
  "pk": 10, 
  "model": "archive.universe", 
  "fields": {
    "medium": "Book", 
    "time_difference": "-6.4 hours", 
    "description": "Once upon a time, one dark hero gathered ten other remarkable people, and together they saved the world. The hero sacrificed himself in the task, but the others live on. Also, the sun passes through the earth once a month.\r\n\r\nThe main character Meros guards this world. He is an extraordinarily powerful telepath, and he will always be aware of travelers coming in. He has requested that no travelers come in at this time, and that all traffic go through him if at all possible.", 
    "parent": 1, 
    "title": "Alturon"
  }
},
{
  "pk": 11, 
  "model": "archive.universe", 
  "fields": {
    "medium": "Book", 
    "time_difference": "+10.7 hours", 
    "description": "Once upon a time, a Ragtag Bunch of Misfits managed to Wake Up, Go To School, Save The World from an Alien Invasion. Now, one is dead, one is depressed, one is a depressed bird, one is super busy, and the last is rich and famous. Guess which one Zhera tends to ask favors of.\r\n\r\nBranch point is 1997 or earlier. Probably earlier.", 
    "parent": 1, 
    "title": "Animorphs"
  }
},
{
  "pk": 12, 
  "model": "archive.universe", 
  "fields": {
    "medium": "Animation", 
    "time_difference": "Variable", 
    "description": "Full title: \"My Little Pony: Friendship is Magic\", the fourth generation of the MLP franchise.\r\n\r\nPlease note that travelers will take the forms of native creatures upon entering this universe. Humans will become ponies, while other sentient beings may become ponies or other creatures; the mapping has not been fully discovered.", 
    "parent": 1, 
    "title": "FiM"
  }
},
{
  "pk": 13, 
  "model": "archive.universe", 
  "fields": {
    "medium": "Game", 
    "time_difference": "Variable", 
    "description": "Don't. Just don't.", 
    "parent": 1, 
    "title": "Homestuck"
  }
},
{
  "pk": 14, 
  "model": "archive.universe", 
  "fields": {
    "medium": "Book", 
    "time_difference": "Unknown", 
    "description": "Has a character named Zhera for which the TTA member was named.", 
    "parent": 1, 
    "title": "Space Quest (working name)"
  }
},
{
  "pk": 15, 
  "model": "archive.universe", 
  "fields": {
    "medium": "Live-action", 
    "time_difference": "Unknown", 
    "description": "Use extreme caution. Many-worlds-model multiverse; this article concerns the main universe that the story documents.", 
    "parent": 1, 
    "title": "Stargate"
  }
},
{
  "pk": 16, 
  "model": "archive.universe", 
  "fields": {
    "medium": "Game", 
    "time_difference": "Variable", 
    "description": "Zhera was here and found some kind of intelligent weapon. Maybe.", 
    "parent": 1, 
    "title": "Unnamed TRPG"
  }
},
{
  "pk": 17, 
  "model": "archive.universe", 
  "fields": {
    "medium": "Book", 
    "time_difference": "0", 
    "description": "Not much happens around here. It can be a good place to hide out.", 
    "parent": 1, 
    "title": "Twilight saga"
  }
},
{
  "pk": 1, 
  "model": "archive.character", 
  "fields": {
    "home": 1, 
    "description": "Founder of the TTA.", 
    "name": "Zhera", 
    "language": "English", 
    "species": "Human"
  }
},
{
  "pk": 2, 
  "model": "archive.character", 
  "fields": {
    "home": 7, 
    "description": "Nothing has been decided about this character yet.", 
    "name": "Unnamed MoM person", 
    "language": "English", 
    "species": "Human"
  }
},
{
  "pk": 3, 
  "model": "archive.character", 
  "fields": {
    "home": 9, 
    "description": "Senior wizards for their region. May or may not be a couple.", 
    "name": "Tom and Carl", 
    "language": "English", 
    "species": "Human"
  }
},
{
  "pk": 4, 
  "model": "archive.character", 
  "fields": {
    "home": 10, 
    "description": "A man of many talents. Short, with white anime hair. And a veil. And really bizarre clothing.", 
    "name": "Meros", 
    "language": "English", 
    "species": "Human"
  }
},
{
  "pk": 5, 
  "model": "archive.character", 
  "fields": {
    "home": 11, 
    "description": "Surname withheld. Lives fabulously in California after having helped save the world.", 
    "name": "Marco", 
    "language": "English", 
    "species": "Human"
  }
},
{
  "pk": 6, 
  "model": "archive.character", 
  "fields": {
    "home": 11, 
    "description": "Something something Ellimist, Crayak, Drode.", 
    "name": "Arch-duals", 
    "language": "English", 
    "species": "Super-sapient"
  }
},
{
  "pk": 7, 
  "model": "archive.character", 
  "fields": {
    "home": 12, 
    "description": "Celestia and Luna; more to follow.", 
    "name": "Diarchs", 
    "language": "English", 
    "species": "Alicorn"
  }
},
{
  "pk": 8, 
  "model": "archive.character", 
  "fields": {
    "home": 12, 
    "description": "Also known as \"the mane six\"; more to follow.", 
    "name": "Elements", 
    "language": "English", 
    "species": "Human"
  }
},
{
  "pk": 9, 
  "model": "archive.character", 
  "fields": {
    "home": 12, 
    "description": "Derpy Hooves. More reliable than she seems.", 
    "name": "DH", 
    "language": "English", 
    "species": "Pegasus"
  }
},
{
  "pk": 10, 
  "model": "archive.character", 
  "fields": {
    "home": 14, 
    "description": "Under construction.", 
    "name": "Rayel", 
    "language": "English", 
    "species": "Unnamed dragonborn-like species"
  }
},
{
  "pk": 11, 
  "model": "archive.character", 
  "fields": {
    "home": 17, 
    "description": "All-around nice guy, and a doctor to boot. Has arranged asylum for multiple refugees; provides lodging to travelers under emergency conditions.", 
    "name": "Carlisle Cullen", 
    "language": "English", 
    "species": "Vampire"
  }
},
{
  "pk": 1, 
  "model": "archive.contactperson", 
  "fields": {
    "universe": 1, 
    "contact_number": 11111, 
    "character": 1, 
    "lodging": false
  }
},
{
  "pk": 2, 
  "model": "archive.contactperson", 
  "fields": {
    "universe": 7, 
    "contact_number": 70000, 
    "character": 2, 
    "lodging": false
  }
},
{
  "pk": 3, 
  "model": "archive.contactperson", 
  "fields": {
    "universe": 9, 
    "contact_number": 11112, 
    "character": 3, 
    "lodging": true
  }
},
{
  "pk": 4, 
  "model": "archive.contactperson", 
  "fields": {
    "universe": 10, 
    "contact_number": 11111, 
    "character": 4, 
    "lodging": false
  }
},
{
  "pk": 5, 
  "model": "archive.contactperson", 
  "fields": {
    "universe": 11, 
    "contact_number": 90210, 
    "character": 5, 
    "lodging": true
  }
},
{
  "pk": 6, 
  "model": "archive.contactperson", 
  "fields": {
    "universe": 12, 
    "contact_number": 33779, 
    "character": 9, 
    "lodging": true
  }
},
{
  "pk": 7, 
  "model": "archive.contactperson", 
  "fields": {
    "universe": 17, 
    "contact_number": 11113, 
    "character": 11, 
    "lodging": true
  }
},
{
  "pk": 1, 
  "model": "archive.artifact", 
  "fields": {
    "universe": 1, 
    "name": "TTA phone", 
    "description": "Collaborative technological effort to provide phone-like communication across universes.\r\n\r\nUtilizes the following elements:\r\n--The innards of a plot-magicked long-range communications device, such as a Star Trek communicator\r\n--An unlimited power source, if not found in the communications device\r\n--A recycled smartphone chassis, screen and other necessary parts to get the whole thing working"
  }
},
{
  "pk": 2, 
  "model": "archive.artifact", 
  "fields": {
    "universe": 3, 
    "name": "Zeo Crystal", 
    "description": "The source of the Zeo Rangers' powers. The story did not indicate what happened to it after the Rangers shifted to Turbo powers. Zhera eventually tracked it down and used it to power her appliances."
  }
},
{
  "pk": 3, 
  "model": "archive.artifact", 
  "fields": {
    "universe": 4, 
    "name": "Unnamed traveling technology", 
    "description": "Developed by Hexagon and used by Jim."
  }
},
{
  "pk": 4, 
  "model": "archive.artifact", 
  "fields": {
    "universe": 8, 
    "name": "Timey Wimey Ball", 
    "description": "To be written..."
  }
},
{
  "pk": 5, 
  "model": "archive.artifact", 
  "fields": {
    "universe": 11, 
    "name": "Escafil device", 
    "description": "It's blue. If you touch it, it makes your hand go all tingly."
  }
},
{
  "pk": 6, 
  "model": "archive.artifact", 
  "fields": {
    "universe": 15, 
    "name": "Stargate", 
    "description": "Extremely shiny."
  }
},
{
  "pk": 1, 
  "model": "community.event", 
  "fields": {
    "description": "Serious business.", 
    "start_time": "2010-04-06T17:00:00Z", 
    "end_time": "2010-04-07T17:00:00Z", 
    "location": "TTA HQ", 
    "title": "Council meeting"
  }
},
{
  "pk": 2, 
  "model": "community.event", 
  "fields": {
    "description": "Serious business.", 
    "start_time": "2011-04-06T17:00:00Z", 
    "end_time": "2011-04-07T17:00:00Z", 
    "location": "TTA HQ", 
    "title": "Council meeting"
  }
},
{
  "pk": 3, 
  "model": "community.event", 
  "fields": {
    "description": "Serious business.", 
    "start_time": "2012-04-06T17:00:00Z", 
    "end_time": "2012-04-06T17:00:00Z", 
    "location": "TTA HQ", 
    "title": "Council meeting"
  }
},
{
  "pk": 4, 
  "model": "community.event", 
  "fields": {
    "description": "Serious business.", 
    "start_time": "2013-04-06T17:00:00Z", 
    "end_time": "2013-04-07T17:00:00Z", 
    "location": "TTA HQ", 
    "title": "Council meeting"
  }
},
{
  "pk": 5, 
  "model": "community.event", 
  "fields": {
    "description": "Serious business.", 
    "start_time": "2014-04-06T17:00:00Z", 
    "end_time": "2014-04-07T17:00:00Z", 
    "location": "TTA HQ", 
    "title": "Council meeting"
  }
},
{
  "pk": 6, 
  "model": "community.event", 
  "fields": {
    "description": "Serious business.", 
    "start_time": "2015-04-06T17:00:00Z", 
    "end_time": "2015-04-07T17:00:00Z", 
    "location": "TTA HQ", 
    "title": "Council meeting"
  }
},
{
  "pk": 7, 
  "model": "community.event", 
  "fields": {
    "description": "Learn how to get around without interference.", 
    "start_time": "2014-01-11T16:00:00Z", 
    "end_time": "2014-01-11T23:00:00Z", 
    "location": "TTA HQ", 
    "title": "Stealth workshop"
  }
},
{
  "pk": 8, 
  "model": "community.event", 
  "fields": {
    "description": "Learn how to get around without interference.", 
    "start_time": "2014-03-15T15:00:00Z", 
    "end_time": "2014-03-15T22:00:00Z", 
    "location": "TTA HQ", 
    "title": "Stealth workshop"
  }
},
{
  "pk": 49, 
  "model": "community.eventpluginmodel", 
  "fields": {
    "num_to_show": 3
  }
},
{
  "pk": 51, 
  "model": "community.eventpluginmodel", 
  "fields": {
    "num_to_show": 3
  }
},
{
  "pk": 1, 
  "model": "cms.placeholder", 
  "fields": {
    "slot": "home_template_content", 
    "default_width": null
  }
},
{
  "pk": 2, 
  "model": "cms.placeholder", 
  "fields": {
    "slot": "base_content", 
    "default_width": null
  }
},
{
  "pk": 3, 
  "model": "cms.placeholder", 
  "fields": {
    "slot": "home_template_content", 
    "default_width": null
  }
},
{
  "pk": 4, 
  "model": "cms.placeholder", 
  "fields": {
    "slot": "base_content", 
    "default_width": null
  }
},
{
  "pk": 5, 
  "model": "cms.placeholder", 
  "fields": {
    "slot": "faq_template_content", 
    "default_width": null
  }
},
{
  "pk": 6, 
  "model": "cms.placeholder", 
  "fields": {
    "slot": "base_content", 
    "default_width": null
  }
},
{
  "pk": 7, 
  "model": "cms.placeholder", 
  "fields": {
    "slot": "faq_template_content", 
    "default_width": null
  }
},
{
  "pk": 8, 
  "model": "cms.placeholder", 
  "fields": {
    "slot": "base_content", 
    "default_width": null
  }
},
{
  "pk": 11, 
  "model": "cms.placeholder", 
  "fields": {
    "slot": "faq_template_content", 
    "default_width": null
  }
},
{
  "pk": 12, 
  "model": "cms.placeholder", 
  "fields": {
    "slot": "base_content", 
    "default_width": null
  }
},
{
  "pk": 15, 
  "model": "cms.placeholder", 
  "fields": {
    "slot": "faq_template_content", 
    "default_width": null
  }
},
{
  "pk": 16, 
  "model": "cms.placeholder", 
  "fields": {
    "slot": "base_content", 
    "default_width": null
  }
},
{
  "pk": 17, 
  "model": "cms.placeholder", 
  "fields": {
    "slot": "textpage_content", 
    "default_width": null
  }
},
{
  "pk": 18, 
  "model": "cms.placeholder", 
  "fields": {
    "slot": "base_content", 
    "default_width": null
  }
},
{
  "pk": 19, 
  "model": "cms.placeholder", 
  "fields": {
    "slot": "textpage_content", 
    "default_width": null
  }
},
{
  "pk": 20, 
  "model": "cms.placeholder", 
  "fields": {
    "slot": "base_content", 
    "default_width": null
  }
},
{
  "pk": 21, 
  "model": "cms.placeholder", 
  "fields": {
    "slot": "textpage_content", 
    "default_width": null
  }
},
{
  "pk": 22, 
  "model": "cms.placeholder", 
  "fields": {
    "slot": "base_content", 
    "default_width": null
  }
},
{
  "pk": 23, 
  "model": "cms.placeholder", 
  "fields": {
    "slot": "textpage_content", 
    "default_width": null
  }
},
{
  "pk": 24, 
  "model": "cms.placeholder", 
  "fields": {
    "slot": "base_content", 
    "default_width": null
  }
},
{
  "pk": 25, 
  "model": "cms.placeholder", 
  "fields": {
    "slot": "textpage_content", 
    "default_width": null
  }
},
{
  "pk": 26, 
  "model": "cms.placeholder", 
  "fields": {
    "slot": "base_content", 
    "default_width": null
  }
},
{
  "pk": 27, 
  "model": "cms.placeholder", 
  "fields": {
    "slot": "home_template_content", 
    "default_width": null
  }
},
{
  "pk": 28, 
  "model": "cms.placeholder", 
  "fields": {
    "slot": "textpage_content", 
    "default_width": null
  }
},
{
  "pk": 29, 
  "model": "cms.placeholder", 
  "fields": {
    "slot": "base_content", 
    "default_width": null
  }
},
{
  "pk": 30, 
  "model": "cms.placeholder", 
  "fields": {
    "slot": "home_template_content", 
    "default_width": null
  }
},
{
  "pk": 31, 
  "model": "cms.placeholder", 
  "fields": {
    "slot": "textpage_content", 
    "default_width": null
  }
},
{
  "pk": 32, 
  "model": "cms.placeholder", 
  "fields": {
    "slot": "base_content", 
    "default_width": null
  }
},
{
  "pk": 33, 
  "model": "cms.placeholder", 
  "fields": {
    "slot": "textpage_content", 
    "default_width": null
  }
},
{
  "pk": 34, 
  "model": "cms.placeholder", 
  "fields": {
    "slot": "base_content", 
    "default_width": null
  }
},
{
  "pk": 35, 
  "model": "cms.placeholder", 
  "fields": {
    "slot": "home_template_content", 
    "default_width": null
  }
},
{
  "pk": 36, 
  "model": "cms.placeholder", 
  "fields": {
    "slot": "base_content", 
    "default_width": null
  }
},
{
  "pk": 37, 
  "model": "cms.placeholder", 
  "fields": {
    "slot": "home_template_content", 
    "default_width": null
  }
},
{
  "pk": 38, 
  "model": "cms.placeholder", 
  "fields": {
    "slot": "base_content", 
    "default_width": null
  }
},
{
  "pk": 39, 
  "model": "cms.placeholder", 
  "fields": {
    "slot": "textpage_content", 
    "default_width": null
  }
},
{
  "pk": 40, 
  "model": "cms.placeholder", 
  "fields": {
    "slot": "textpage_content", 
    "default_width": null
  }
},
{
  "pk": 41, 
  "model": "cms.placeholder", 
  "fields": {
    "slot": "textpage_content", 
    "default_width": null
  }
},
{
  "pk": 42, 
  "model": "cms.placeholder", 
  "fields": {
    "slot": "base_content", 
    "default_width": null
  }
},
{
  "pk": 43, 
  "model": "cms.placeholder", 
  "fields": {
    "slot": "textpage_content", 
    "default_width": null
  }
},
{
  "pk": 44, 
  "model": "cms.placeholder", 
  "fields": {
    "slot": "base_content", 
    "default_width": null
  }
},
{
  "pk": 45, 
  "model": "cms.placeholder", 
  "fields": {
    "slot": "textpage_content", 
    "default_width": null
  }
},
{
  "pk": 46, 
  "model": "cms.placeholder", 
  "fields": {
    "slot": "base_content", 
    "default_width": null
  }
},
{
  "pk": 47, 
  "model": "cms.placeholder", 
  "fields": {
    "slot": "textpage_content", 
    "default_width": null
  }
},
{
  "pk": 48, 
  "model": "cms.placeholder", 
  "fields": {
    "slot": "base_content", 
    "default_width": null
  }
},
{
  "pk": 49, 
  "model": "cms.placeholder", 
  "fields": {
    "slot": "textpage_content", 
    "default_width": null
  }
},
{
  "pk": 50, 
  "model": "cms.placeholder", 
  "fields": {
    "slot": "base_content", 
    "default_width": null
  }
},
{
  "pk": 51, 
  "model": "cms.placeholder", 
  "fields": {
    "slot": "textpage_content", 
    "default_width": null
  }
},
{
  "pk": 52, 
  "model": "cms.placeholder", 
  "fields": {
    "slot": "base_content", 
    "default_width": null
  }
},
{
  "pk": 53, 
  "model": "cms.placeholder", 
  "fields": {
    "slot": "textpage_content", 
    "default_width": null
  }
},
{
  "pk": 54, 
  "model": "cms.placeholder", 
  "fields": {
    "slot": "base_content", 
    "default_width": null
  }
},
{
  "pk": 55, 
  "model": "cms.placeholder", 
  "fields": {
    "slot": "textpage_content", 
    "default_width": null
  }
},
{
  "pk": 56, 
  "model": "cms.placeholder", 
  "fields": {
    "slot": "base_content", 
    "default_width": null
  }
},
{
  "pk": 57, 
  "model": "cms.placeholder", 
  "fields": {
    "slot": "textpage_content", 
    "default_width": null
  }
},
{
  "pk": 58, 
  "model": "cms.placeholder", 
  "fields": {
    "slot": "base_content", 
    "default_width": null
  }
},
{
  "pk": 59, 
  "model": "cms.placeholder", 
  "fields": {
    "slot": "textpage_content", 
    "default_width": null
  }
},
{
  "pk": 60, 
  "model": "cms.placeholder", 
  "fields": {
    "slot": "base_content", 
    "default_width": null
  }
},
{
  "pk": 61, 
  "model": "cms.placeholder", 
  "fields": {
    "slot": "textpage_content", 
    "default_width": null
  }
},
{
  "pk": 62, 
  "model": "cms.placeholder", 
  "fields": {
    "slot": "base_content", 
    "default_width": null
  }
},
{
  "pk": 63, 
  "model": "cms.placeholder", 
  "fields": {
    "slot": "textpage_content", 
    "default_width": null
  }
},
{
  "pk": 64, 
  "model": "cms.placeholder", 
  "fields": {
    "slot": "base_content", 
    "default_width": null
  }
},
{
  "pk": 65, 
  "model": "cms.placeholder", 
  "fields": {
    "slot": "textpage_content", 
    "default_width": null
  }
},
{
  "pk": 66, 
  "model": "cms.placeholder", 
  "fields": {
    "slot": "base_content", 
    "default_width": null
  }
},
{
  "pk": 67, 
  "model": "cms.placeholder", 
  "fields": {
    "slot": "textpage_content", 
    "default_width": null
  }
},
{
  "pk": 68, 
  "model": "cms.placeholder", 
  "fields": {
    "slot": "base_content", 
    "default_width": null
  }
},
{
  "pk": 72, 
  "model": "cms.placeholder", 
  "fields": {
    "slot": "home_template_content", 
    "default_width": null
  }
},
{
  "pk": 73, 
  "model": "cms.placeholder", 
  "fields": {
    "slot": "base_content", 
    "default_width": null
  }
},
{
  "pk": 74, 
  "model": "cms.placeholder", 
  "fields": {
    "slot": "textpage_content", 
    "default_width": null
  }
},
{
  "pk": 77, 
  "model": "cms.placeholder", 
  "fields": {
    "slot": "textpage_content", 
    "default_width": null
  }
},
{
  "pk": 78, 
  "model": "cms.placeholder", 
  "fields": {
    "slot": "base_content", 
    "default_width": null
  }
},
{
  "pk": 79, 
  "model": "cms.placeholder", 
  "fields": {
    "slot": "textpage_content", 
    "default_width": null
  }
},
{
  "pk": 80, 
  "model": "cms.placeholder", 
  "fields": {
    "slot": "base_content", 
    "default_width": null
  }
},
{
  "pk": 81, 
  "model": "cms.placeholder", 
  "fields": {
    "slot": "textpage_content", 
    "default_width": null
  }
},
{
  "pk": 82, 
  "model": "cms.placeholder", 
  "fields": {
    "slot": "base_content", 
    "default_width": null
  }
},
{
  "pk": 83, 
  "model": "cms.placeholder", 
  "fields": {
    "slot": "home_template_content", 
    "default_width": null
  }
},
{
  "pk": 84, 
  "model": "cms.placeholder", 
  "fields": {
    "slot": "textpage_content", 
    "default_width": null
  }
},
{
  "pk": 85, 
  "model": "cms.placeholder", 
  "fields": {
    "slot": "textpage_content", 
    "default_width": null
  }
},
{
  "pk": 86, 
  "model": "cms.placeholder", 
  "fields": {
    "slot": "home_template_content", 
    "default_width": null
  }
},
{
  "pk": 89, 
  "model": "cms.placeholder", 
  "fields": {
    "slot": "home_template_content", 
    "default_width": null
  }
},
{
  "pk": 90, 
  "model": "cms.placeholder", 
  "fields": {
    "slot": "base_content", 
    "default_width": null
  }
},
{
  "pk": 91, 
  "model": "cms.placeholder", 
  "fields": {
    "slot": "base_content", 
    "default_width": null
  }
},
{
  "pk": 92, 
  "model": "cms.placeholder", 
  "fields": {
    "slot": "base_content", 
    "default_width": null
  }
},
{
  "pk": 93, 
  "model": "cms.placeholder", 
  "fields": {
    "slot": "sidebar_content", 
    "default_width": null
  }
},
{
  "pk": 94, 
  "model": "cms.placeholder", 
  "fields": {
    "slot": "sidebar_content", 
    "default_width": null
  }
},
{
  "pk": 95, 
  "model": "cms.placeholder", 
  "fields": {
    "slot": "sidebar_content", 
    "default_width": null
  }
},
{
  "pk": 96, 
  "model": "cms.placeholder", 
  "fields": {
    "slot": "sidebar_content", 
    "default_width": null
  }
},
{
  "pk": 97, 
  "model": "cms.placeholder", 
  "fields": {
    "slot": "sidebar_content", 
    "default_width": null
  }
},
{
  "pk": 98, 
  "model": "cms.placeholder", 
  "fields": {
    "slot": "sidebar_content", 
    "default_width": null
  }
},
{
  "pk": 99, 
  "model": "cms.placeholder", 
  "fields": {
    "slot": "sidebar_content", 
    "default_width": null
  }
},
{
  "pk": 100, 
  "model": "cms.placeholder", 
  "fields": {
    "slot": "sidebar_content", 
    "default_width": null
  }
},
{
  "pk": 101, 
  "model": "cms.placeholder", 
  "fields": {
    "slot": "sidebar_content", 
    "default_width": null
  }
},
{
  "pk": 102, 
  "model": "cms.placeholder", 
  "fields": {
    "slot": "sidebar_content", 
    "default_width": null
  }
},
{
  "pk": 103, 
  "model": "cms.placeholder", 
  "fields": {
    "slot": "sidebar_content", 
    "default_width": null
  }
},
{
  "pk": 104, 
  "model": "cms.placeholder", 
  "fields": {
    "slot": "sidebar_content", 
    "default_width": null
  }
},
{
  "pk": 105, 
  "model": "cms.placeholder", 
  "fields": {
    "slot": "sidebar_content", 
    "default_width": null
  }
},
{
  "pk": 3, 
  "model": "cms.cmsplugin", 
  "fields": {
    "rght": 2, 
    "changed_date": "2014-01-21T20:32:32.726Z", 
    "parent": null, 
    "language": "en", 
    "level": 0, 
    "creation_date": "2014-01-21T19:37:26.468Z", 
    "lft": 1, 
    "tree_id": 3, 
    "position": 0, 
    "placeholder": 6, 
    "plugin_type": "TextPlugin"
  }
},
{
  "pk": 6, 
  "model": "cms.cmsplugin", 
  "fields": {
    "rght": 2, 
    "changed_date": "2014-01-21T20:32:36.491Z", 
    "parent": null, 
    "language": "en", 
    "level": 0, 
    "creation_date": "2014-01-21T19:37:26.468Z", 
    "lft": 1, 
    "tree_id": 6, 
    "position": 0, 
    "placeholder": 8, 
    "plugin_type": "TextPlugin"
  }
},
{
  "pk": 7, 
  "model": "cms.cmsplugin", 
  "fields": {
    "rght": 2, 
    "changed_date": "2014-01-21T21:33:13.726Z", 
    "parent": null, 
    "language": "en", 
    "level": 0, 
    "creation_date": "2014-01-21T20:33:27.742Z", 
    "lft": 1, 
    "tree_id": 7, 
    "position": 0, 
    "placeholder": 46, 
    "plugin_type": "TextPlugin"
  }
},
{
  "pk": 9, 
  "model": "cms.cmsplugin", 
  "fields": {
    "rght": 2, 
    "changed_date": "2014-01-21T20:53:59.398Z", 
    "parent": null, 
    "language": "en", 
    "level": 0, 
    "creation_date": "2014-01-21T20:50:14.801Z", 
    "lft": 1, 
    "tree_id": 9, 
    "position": 0, 
    "placeholder": 36, 
    "plugin_type": "TextPlugin"
  }
},
{
  "pk": 10, 
  "model": "cms.cmsplugin", 
  "fields": {
    "rght": 2, 
    "changed_date": "2014-01-21T20:54:04.307Z", 
    "parent": null, 
    "language": "en", 
    "level": 0, 
    "creation_date": "2014-01-21T20:50:14.801Z", 
    "lft": 1, 
    "tree_id": 10, 
    "position": 0, 
    "placeholder": 38, 
    "plugin_type": "TextPlugin"
  }
},
{
  "pk": 12, 
  "model": "cms.cmsplugin", 
  "fields": {
    "rght": 2, 
    "changed_date": "2014-01-21T22:34:26.291Z", 
    "parent": null, 
    "language": "en", 
    "level": 0, 
    "creation_date": "2014-01-21T20:59:41.798Z", 
    "lft": 1, 
    "tree_id": 12, 
    "position": 0, 
    "placeholder": 42, 
    "plugin_type": "TextPlugin"
  }
},
{
  "pk": 14, 
  "model": "cms.cmsplugin", 
  "fields": {
    "rght": 2, 
    "changed_date": "2014-01-21T21:04:59.785Z", 
    "parent": null, 
    "language": "en", 
    "level": 0, 
    "creation_date": "2014-01-21T21:04:34.356Z", 
    "lft": 1, 
    "tree_id": 14, 
    "position": 0, 
    "placeholder": 50, 
    "plugin_type": "TextPlugin"
  }
},
{
  "pk": 15, 
  "model": "cms.cmsplugin", 
  "fields": {
    "rght": 2, 
    "changed_date": "2014-01-21T21:05:03.946Z", 
    "parent": null, 
    "language": "en", 
    "level": 0, 
    "creation_date": "2014-01-21T21:04:34.356Z", 
    "lft": 1, 
    "tree_id": 15, 
    "position": 0, 
    "placeholder": 52, 
    "plugin_type": "TextPlugin"
  }
},
{
  "pk": 16, 
  "model": "cms.cmsplugin", 
  "fields": {
    "rght": 2, 
    "changed_date": "2014-01-21T23:21:29.025Z", 
    "parent": null, 
    "language": "en", 
    "level": 0, 
    "creation_date": "2014-01-21T21:07:22.066Z", 
    "lft": 1, 
    "tree_id": 16, 
    "position": 0, 
    "placeholder": 62, 
    "plugin_type": "TextPlugin"
  }
},
{
  "pk": 18, 
  "model": "cms.cmsplugin", 
  "fields": {
    "rght": 2, 
    "changed_date": "2014-01-21T21:14:13.784Z", 
    "parent": null, 
    "language": "en", 
    "level": 0, 
    "creation_date": "2014-01-21T21:13:53.985Z", 
    "lft": 1, 
    "tree_id": 18, 
    "position": 0, 
    "placeholder": 66, 
    "plugin_type": "TextPlugin"
  }
},
{
  "pk": 19, 
  "model": "cms.cmsplugin", 
  "fields": {
    "rght": 2, 
    "changed_date": "2014-01-21T21:14:17.551Z", 
    "parent": null, 
    "language": "en", 
    "level": 0, 
    "creation_date": "2014-01-21T21:13:53.985Z", 
    "lft": 1, 
    "tree_id": 19, 
    "position": 0, 
    "placeholder": 68, 
    "plugin_type": "TextPlugin"
  }
},
{
  "pk": 20, 
  "model": "cms.cmsplugin", 
  "fields": {
    "rght": 2, 
    "changed_date": "2014-01-21T21:15:02.705Z", 
    "parent": null, 
    "language": "en", 
    "level": 0, 
    "creation_date": "2014-01-21T21:14:38.452Z", 
    "lft": 1, 
    "tree_id": 20, 
    "position": 0, 
    "placeholder": 54, 
    "plugin_type": "TextPlugin"
  }
},
{
  "pk": 21, 
  "model": "cms.cmsplugin", 
  "fields": {
    "rght": 2, 
    "changed_date": "2014-01-21T21:15:06.572Z", 
    "parent": null, 
    "language": "en", 
    "level": 0, 
    "creation_date": "2014-01-21T21:14:38.452Z", 
    "lft": 1, 
    "tree_id": 21, 
    "position": 0, 
    "placeholder": 56, 
    "plugin_type": "TextPlugin"
  }
},
{
  "pk": 22, 
  "model": "cms.cmsplugin", 
  "fields": {
    "rght": 2, 
    "changed_date": "2014-01-21T21:16:15.212Z", 
    "parent": null, 
    "language": "en", 
    "level": 0, 
    "creation_date": "2014-01-21T21:15:24.956Z", 
    "lft": 1, 
    "tree_id": 22, 
    "position": 0, 
    "placeholder": 58, 
    "plugin_type": "TextPlugin"
  }
},
{
  "pk": 23, 
  "model": "cms.cmsplugin", 
  "fields": {
    "rght": 2, 
    "changed_date": "2014-01-21T21:16:18.737Z", 
    "parent": null, 
    "language": "en", 
    "level": 0, 
    "creation_date": "2014-01-21T21:15:24.956Z", 
    "lft": 1, 
    "tree_id": 23, 
    "position": 0, 
    "placeholder": 60, 
    "plugin_type": "TextPlugin"
  }
},
{
  "pk": 24, 
  "model": "cms.cmsplugin", 
  "fields": {
    "rght": 2, 
    "changed_date": "2014-01-21T21:33:18.087Z", 
    "parent": null, 
    "language": "en", 
    "level": 0, 
    "creation_date": "2014-01-21T20:33:27.742Z", 
    "lft": 1, 
    "tree_id": 24, 
    "position": 0, 
    "placeholder": 48, 
    "plugin_type": "TextPlugin"
  }
},
{
  "pk": 25, 
  "model": "cms.cmsplugin", 
  "fields": {
    "rght": 2, 
    "changed_date": "2014-01-21T21:33:54.244Z", 
    "parent": null, 
    "language": "en", 
    "level": 0, 
    "creation_date": "2014-01-21T21:33:45.735Z", 
    "lft": 1, 
    "tree_id": 25, 
    "position": 0, 
    "placeholder": 91, 
    "plugin_type": "TextPlugin"
  }
},
{
  "pk": 26, 
  "model": "cms.cmsplugin", 
  "fields": {
    "rght": 2, 
    "changed_date": "2014-01-21T21:39:28.279Z", 
    "parent": null, 
    "language": "en", 
    "level": 0, 
    "creation_date": "2014-01-21T21:33:45.735Z", 
    "lft": 1, 
    "tree_id": 26, 
    "position": 0, 
    "placeholder": 92, 
    "plugin_type": "TextPlugin"
  }
},
{
  "pk": 27, 
  "model": "cms.cmsplugin", 
  "fields": {
    "rght": 2, 
    "changed_date": "2014-01-21T21:42:56.546Z", 
    "parent": null, 
    "language": "en", 
    "level": 0, 
    "creation_date": "2014-01-21T21:42:22.331Z", 
    "lft": 1, 
    "tree_id": 27, 
    "position": 0, 
    "placeholder": 18, 
    "plugin_type": "TextPlugin"
  }
},
{
  "pk": 28, 
  "model": "cms.cmsplugin", 
  "fields": {
    "rght": 2, 
    "changed_date": "2014-01-21T21:43:02.684Z", 
    "parent": null, 
    "language": "en", 
    "level": 0, 
    "creation_date": "2014-01-21T21:42:22.331Z", 
    "lft": 1, 
    "tree_id": 28, 
    "position": 0, 
    "placeholder": 20, 
    "plugin_type": "TextPlugin"
  }
},
{
  "pk": 29, 
  "model": "cms.cmsplugin", 
  "fields": {
    "rght": 2, 
    "changed_date": "2014-01-21T21:43:50.167Z", 
    "parent": null, 
    "language": "en", 
    "level": 0, 
    "creation_date": "2014-01-21T21:43:29.852Z", 
    "lft": 1, 
    "tree_id": 29, 
    "position": 0, 
    "placeholder": 22, 
    "plugin_type": "TextPlugin"
  }
},
{
  "pk": 30, 
  "model": "cms.cmsplugin", 
  "fields": {
    "rght": 2, 
    "changed_date": "2014-01-21T21:43:53.984Z", 
    "parent": null, 
    "language": "en", 
    "level": 0, 
    "creation_date": "2014-01-21T21:43:29.852Z", 
    "lft": 1, 
    "tree_id": 30, 
    "position": 0, 
    "placeholder": 24, 
    "plugin_type": "TextPlugin"
  }
},
{
  "pk": 33, 
  "model": "cms.cmsplugin", 
  "fields": {
    "rght": 2, 
    "changed_date": "2014-01-21T21:45:22.222Z", 
    "parent": null, 
    "language": "en", 
    "level": 0, 
    "creation_date": "2014-01-21T21:45:02.294Z", 
    "lft": 1, 
    "tree_id": 33, 
    "position": 0, 
    "placeholder": 32, 
    "plugin_type": "TextPlugin"
  }
},
{
  "pk": 35, 
  "model": "cms.cmsplugin", 
  "fields": {
    "rght": 2, 
    "changed_date": "2014-01-21T23:00:38.037Z", 
    "parent": null, 
    "language": "en", 
    "level": 0, 
    "creation_date": "2014-01-21T21:45:43.501Z", 
    "lft": 1, 
    "tree_id": 35, 
    "position": 0, 
    "placeholder": 80, 
    "plugin_type": "TextPlugin"
  }
},
{
  "pk": 37, 
  "model": "cms.cmsplugin", 
  "fields": {
    "rght": 2, 
    "changed_date": "2014-01-21T21:55:29.598Z", 
    "parent": null, 
    "language": "en", 
    "level": 0, 
    "creation_date": "2014-01-21T21:55:22.388Z", 
    "lft": 1, 
    "tree_id": 37, 
    "position": 0, 
    "placeholder": 2, 
    "plugin_type": "TextPlugin"
  }
},
{
  "pk": 39, 
  "model": "cms.cmsplugin", 
  "fields": {
    "rght": 2, 
    "changed_date": "2014-01-22T03:26:37.146Z", 
    "parent": null, 
    "language": "en", 
    "level": 0, 
    "creation_date": "2014-01-21T22:00:34.497Z", 
    "lft": 1, 
    "tree_id": 39, 
    "position": 0, 
    "placeholder": 93, 
    "plugin_type": "TextPlugin"
  }
},
{
  "pk": 42, 
  "model": "cms.cmsplugin", 
  "fields": {
    "rght": 2, 
    "changed_date": "2014-01-21T22:34:31.946Z", 
    "parent": null, 
    "language": "en", 
    "level": 0, 
    "creation_date": "2014-01-21T20:59:41.798Z", 
    "lft": 1, 
    "tree_id": 42, 
    "position": 0, 
    "placeholder": 44, 
    "plugin_type": "TextPlugin"
  }
},
{
  "pk": 43, 
  "model": "cms.cmsplugin", 
  "fields": {
    "rght": 2, 
    "changed_date": "2014-01-21T23:00:48.720Z", 
    "parent": null, 
    "language": "en", 
    "level": 0, 
    "creation_date": "2014-01-21T21:45:43.501Z", 
    "lft": 1, 
    "tree_id": 43, 
    "position": 0, 
    "placeholder": 82, 
    "plugin_type": "TextPlugin"
  }
},
{
  "pk": 44, 
  "model": "cms.cmsplugin", 
  "fields": {
    "rght": 2, 
    "changed_date": "2014-01-21T23:21:34.013Z", 
    "parent": null, 
    "language": "en", 
    "level": 0, 
    "creation_date": "2014-01-21T21:07:22.066Z", 
    "lft": 1, 
    "tree_id": 44, 
    "position": 0, 
    "placeholder": 64, 
    "plugin_type": "TextPlugin"
  }
},
{
  "pk": 45, 
  "model": "cms.cmsplugin", 
  "fields": {
    "rght": 2, 
    "changed_date": "2014-01-22T03:26:41.585Z", 
    "parent": null, 
    "language": "en", 
    "level": 0, 
    "creation_date": "2014-01-21T21:55:22.388Z", 
    "lft": 1, 
    "tree_id": 45, 
    "position": 0, 
    "placeholder": 4, 
    "plugin_type": "TextPlugin"
  }
},
{
  "pk": 46, 
  "model": "cms.cmsplugin", 
  "fields": {
    "rght": 2, 
    "changed_date": "2014-01-22T03:26:41.608Z", 
    "parent": null, 
    "language": "en", 
    "level": 0, 
    "creation_date": "2014-01-21T22:00:34.497Z", 
    "lft": 1, 
    "tree_id": 46, 
    "position": 0, 
    "placeholder": 94, 
    "plugin_type": "TextPlugin"
  }
},
{
  "pk": 47, 
  "model": "cms.cmsplugin", 
  "fields": {
    "rght": 2, 
    "changed_date": "2014-01-22T15:58:37.039Z", 
    "parent": null, 
    "language": "en", 
    "level": 0, 
    "creation_date": "2014-01-22T15:57:24.854Z", 
    "lft": 1, 
    "tree_id": 47, 
    "position": 0, 
    "placeholder": 103, 
    "plugin_type": "TextPlugin"
  }
},
{
  "pk": 48, 
  "model": "cms.cmsplugin", 
  "fields": {
    "rght": 2, 
    "changed_date": "2014-01-22T15:58:41.010Z", 
    "parent": null, 
    "language": "en", 
    "level": 0, 
    "creation_date": "2014-01-22T15:57:24.854Z", 
    "lft": 1, 
    "tree_id": 48, 
    "position": 0, 
    "placeholder": 104, 
    "plugin_type": "TextPlugin"
  }
},
{
  "pk": 49, 
  "model": "cms.cmsplugin", 
  "fields": {
    "rght": 2, 
    "changed_date": "2014-01-22T16:04:10.785Z", 
    "parent": null, 
    "language": "en", 
    "level": 0, 
    "creation_date": "2014-01-22T16:04:03.922Z", 
    "lft": 1, 
    "tree_id": 49, 
    "position": 0, 
    "placeholder": 96, 
    "plugin_type": "EventPlugin"
  }
},
{
  "pk": 50, 
  "model": "cms.cmsplugin", 
  "fields": {
    "rght": 2, 
    "changed_date": "2014-01-22T16:04:17.871Z", 
    "parent": null, 
    "language": "en", 
    "level": 0, 
    "creation_date": "2014-01-21T21:45:02.294Z", 
    "lft": 1, 
    "tree_id": 50, 
    "position": 0, 
    "placeholder": 34, 
    "plugin_type": "TextPlugin"
  }
},
{
  "pk": 51, 
  "model": "cms.cmsplugin", 
  "fields": {
    "rght": 2, 
    "changed_date": "2014-01-22T16:04:17.883Z", 
    "parent": null, 
    "language": "en", 
    "level": 0, 
    "creation_date": "2014-01-22T16:04:03.922Z", 
    "lft": 1, 
    "tree_id": 51, 
    "position": 0, 
    "placeholder": 105, 
    "plugin_type": "EventPlugin"
  }
},
{
  "pk": 1, 
  "model": "cms.page", 
  "fields": {
    "rght": 8, 
    "navigation_extenders": "", 
    "site": 1, 
    "creation_date": "2013-11-18T15:27:41.872Z", 
    "lft": 1, 
    "in_navigation": true, 
    "reverse_id": null, 
    "login_required": false, 
    "created_by": "admin", 
    "publication_end_date": null, 
    "template": "home.html", 
    "tree_id": 1, 
    "placeholders": [
      1, 
      2, 
      93
    ], 
    "changed_date": "2014-01-22T03:26:41.619Z", 
    "limit_visibility_in_menu": null, 
    "parent": null, 
    "publisher_state": 0, 
    "soft_root": false, 
    "publication_date": "2013-11-18T15:28:09.480Z", 
    "publisher_public": 2, 
    "level": 0, 
    "changed_by": "admin", 
    "publisher_is_draft": true, 
    "published": true
  }
},
{
  "pk": 2, 
  "model": "cms.page", 
  "fields": {
    "rght": 16, 
    "navigation_extenders": "", 
    "site": 1, 
    "creation_date": "2013-11-18T15:28:13.279Z", 
    "lft": 1, 
    "in_navigation": true, 
    "reverse_id": null, 
    "login_required": false, 
    "created_by": "admin", 
    "publication_end_date": null, 
    "template": "home.html", 
    "tree_id": 2, 
    "placeholders": [
      3, 
      4, 
      94
    ], 
    "changed_date": "2014-01-22T03:26:41.509Z", 
    "limit_visibility_in_menu": null, 
    "parent": null, 
    "publisher_state": 0, 
    "soft_root": false, 
    "publication_date": "2013-11-18T15:28:09.480Z", 
    "publisher_public": 1, 
    "level": 0, 
    "changed_by": "admin", 
    "publisher_is_draft": false, 
    "published": true
  }
},
{
  "pk": 3, 
  "model": "cms.page", 
  "fields": {
    "rght": 3, 
    "navigation_extenders": "", 
    "site": 1, 
    "creation_date": "2013-11-18T16:37:16.631Z", 
    "lft": 2, 
    "in_navigation": true, 
    "reverse_id": null, 
    "login_required": false, 
    "created_by": "admin", 
    "publication_end_date": null, 
    "template": "cms_page.html", 
    "tree_id": 1, 
    "placeholders": [
      5, 
      6, 
      83, 
      84, 
      95
    ], 
    "changed_date": "2014-01-21T20:32:36.508Z", 
    "limit_visibility_in_menu": null, 
    "parent": 1, 
    "publisher_state": 0, 
    "soft_root": false, 
    "publication_date": "2013-11-18T16:37:27.004Z", 
    "publisher_public": 4, 
    "level": 1, 
    "changed_by": "admin", 
    "publisher_is_draft": true, 
    "published": true
  }
},
{
  "pk": 4, 
  "model": "cms.page", 
  "fields": {
    "rght": 7, 
    "navigation_extenders": "", 
    "site": 1, 
    "creation_date": "2013-11-18T16:41:33.292Z", 
    "lft": 4, 
    "in_navigation": true, 
    "reverse_id": null, 
    "login_required": false, 
    "created_by": "admin", 
    "publication_end_date": null, 
    "template": "cms_page.html", 
    "tree_id": 2, 
    "placeholders": [
      7, 
      8, 
      85, 
      86
    ], 
    "changed_date": "2014-01-21T20:32:36.431Z", 
    "limit_visibility_in_menu": null, 
    "parent": 2, 
    "publisher_state": 0, 
    "soft_root": false, 
    "publication_date": "2013-11-18T16:37:27.004Z", 
    "publisher_public": 3, 
    "level": 1, 
    "changed_by": "admin", 
    "publisher_is_draft": false, 
    "published": true
  }
},
{
  "pk": 9, 
  "model": "cms.page", 
  "fields": {
    "rght": 5, 
    "navigation_extenders": "", 
    "site": 1, 
    "creation_date": "2013-12-02T14:26:09.821Z", 
    "lft": 4, 
    "in_navigation": true, 
    "reverse_id": null, 
    "login_required": false, 
    "created_by": "admin", 
    "publication_end_date": null, 
    "template": "cms_page.html", 
    "tree_id": 1, 
    "placeholders": [
      17, 
      18
    ], 
    "changed_date": "2014-01-21T21:43:02.695Z", 
    "limit_visibility_in_menu": null, 
    "parent": 1, 
    "publisher_state": 0, 
    "soft_root": false, 
    "publication_date": "2013-12-02T14:26:47.741Z", 
    "publisher_public": 10, 
    "level": 1, 
    "changed_by": "admin", 
    "publisher_is_draft": true, 
    "published": true
  }
},
{
  "pk": 10, 
  "model": "cms.page", 
  "fields": {
    "rght": 9, 
    "navigation_extenders": "", 
    "site": 1, 
    "creation_date": "2013-12-02T14:26:50.302Z", 
    "lft": 8, 
    "in_navigation": true, 
    "reverse_id": null, 
    "login_required": false, 
    "created_by": "admin", 
    "publication_end_date": null, 
    "template": "cms_page.html", 
    "tree_id": 2, 
    "placeholders": [
      19, 
      20
    ], 
    "changed_date": "2014-01-21T21:43:02.639Z", 
    "limit_visibility_in_menu": null, 
    "parent": 2, 
    "publisher_state": 0, 
    "soft_root": false, 
    "publication_date": "2013-12-02T14:26:47.741Z", 
    "publisher_public": 9, 
    "level": 1, 
    "changed_by": "admin", 
    "publisher_is_draft": false, 
    "published": true
  }
},
{
  "pk": 11, 
  "model": "cms.page", 
  "fields": {
    "rght": 7, 
    "navigation_extenders": "", 
    "site": 1, 
    "creation_date": "2013-12-02T14:33:22.874Z", 
    "lft": 6, 
    "in_navigation": true, 
    "reverse_id": null, 
    "login_required": false, 
    "created_by": "admin", 
    "publication_end_date": null, 
    "template": "cms_page.html", 
    "tree_id": 1, 
    "placeholders": [
      21, 
      22
    ], 
    "changed_date": "2014-01-21T21:43:53.995Z", 
    "limit_visibility_in_menu": null, 
    "parent": 1, 
    "publisher_state": 0, 
    "soft_root": false, 
    "publication_date": "2013-12-02T14:33:40.829Z", 
    "publisher_public": 12, 
    "level": 1, 
    "changed_by": "admin", 
    "publisher_is_draft": true, 
    "published": true
  }
},
{
  "pk": 12, 
  "model": "cms.page", 
  "fields": {
    "rght": 11, 
    "navigation_extenders": "", 
    "site": 1, 
    "creation_date": "2013-12-02T14:33:45.788Z", 
    "lft": 10, 
    "in_navigation": true, 
    "reverse_id": null, 
    "login_required": false, 
    "created_by": "admin", 
    "publication_end_date": null, 
    "template": "cms_page.html", 
    "tree_id": 2, 
    "placeholders": [
      23, 
      24
    ], 
    "changed_date": "2014-01-21T21:43:53.942Z", 
    "limit_visibility_in_menu": null, 
    "parent": 2, 
    "publisher_state": 0, 
    "soft_root": false, 
    "publication_date": "2013-12-02T14:33:40.829Z", 
    "publisher_public": 11, 
    "level": 1, 
    "changed_by": "admin", 
    "publisher_is_draft": false, 
    "published": true
  }
},
{
  "pk": 13, 
  "model": "cms.page", 
  "fields": {
    "rght": 20, 
    "navigation_extenders": "", 
    "site": 1, 
    "creation_date": "2013-12-02T14:54:05.784Z", 
    "lft": 1, 
    "in_navigation": true, 
    "reverse_id": null, 
    "login_required": false, 
    "created_by": "admin", 
    "publication_end_date": null, 
    "template": "cms_page.html", 
    "tree_id": 12, 
    "placeholders": [
      25, 
      26, 
      27, 
      103
    ], 
    "changed_date": "2014-01-22T15:58:41.021Z", 
    "limit_visibility_in_menu": null, 
    "parent": null, 
    "publisher_state": 0, 
    "soft_root": false, 
    "publication_date": "2013-12-02T14:59:43.110Z", 
    "publisher_public": 14, 
    "level": 0, 
    "changed_by": "admin", 
    "publisher_is_draft": true, 
    "published": true
  }
},
{
  "pk": 14, 
  "model": "cms.page", 
  "fields": {
    "rght": 20, 
    "navigation_extenders": "", 
    "site": 1, 
    "creation_date": "2013-12-02T14:59:48.078Z", 
    "lft": 1, 
    "in_navigation": true, 
    "reverse_id": null, 
    "login_required": false, 
    "created_by": "admin", 
    "publication_end_date": null, 
    "template": "cms_page.html", 
    "tree_id": 6, 
    "placeholders": [
      28, 
      29, 
      30, 
      104
    ], 
    "changed_date": "2014-01-22T15:58:40.950Z", 
    "limit_visibility_in_menu": null, 
    "parent": null, 
    "publisher_state": 0, 
    "soft_root": false, 
    "publication_date": "2013-12-02T14:59:43.110Z", 
    "publisher_public": 13, 
    "level": 0, 
    "changed_by": "admin", 
    "publisher_is_draft": false, 
    "published": true
  }
},
{
  "pk": 15, 
  "model": "cms.page", 
  "fields": {
    "rght": 4, 
    "navigation_extenders": "", 
    "site": 1, 
    "creation_date": "2013-12-02T17:23:12.216Z", 
    "lft": 1, 
    "in_navigation": true, 
    "reverse_id": null, 
    "login_required": false, 
    "created_by": "admin", 
    "publication_end_date": null, 
    "template": "cms_page.html", 
    "tree_id": 13, 
    "placeholders": [
      31, 
      32, 
      96
    ], 
    "changed_date": "2014-01-22T16:04:17.896Z", 
    "limit_visibility_in_menu": null, 
    "parent": null, 
    "publisher_state": 0, 
    "soft_root": false, 
    "publication_date": "2013-12-02T17:23:23.854Z", 
    "publisher_public": 16, 
    "level": 0, 
    "changed_by": "admin", 
    "publisher_is_draft": true, 
    "published": true
  }
},
{
  "pk": 16, 
  "model": "cms.page", 
  "fields": {
    "rght": 6, 
    "navigation_extenders": "", 
    "site": 1, 
    "creation_date": "2013-12-02T17:23:33.091Z", 
    "lft": 1, 
    "in_navigation": true, 
    "reverse_id": null, 
    "login_required": false, 
    "created_by": "admin", 
    "publication_end_date": null, 
    "template": "cms_page.html", 
    "tree_id": 7, 
    "placeholders": [
      33, 
      34, 
      105
    ], 
    "changed_date": "2014-01-22T16:04:17.798Z", 
    "limit_visibility_in_menu": null, 
    "parent": null, 
    "publisher_state": 0, 
    "soft_root": false, 
    "publication_date": "2013-12-02T17:23:23.854Z", 
    "publisher_public": 15, 
    "level": 0, 
    "changed_by": "admin", 
    "publisher_is_draft": false, 
    "published": true
  }
},
{
  "pk": 17, 
  "model": "cms.page", 
  "fields": {
    "rght": 19, 
    "navigation_extenders": "", 
    "site": 1, 
    "creation_date": "2013-12-05T16:49:45.851Z", 
    "lft": 2, 
    "in_navigation": true, 
    "reverse_id": null, 
    "login_required": false, 
    "created_by": "admin", 
    "publication_end_date": null, 
    "template": "documents.html", 
    "tree_id": 12, 
    "placeholders": [
      35, 
      36, 
      39
    ], 
    "changed_date": "2014-01-21T20:54:04.321Z", 
    "limit_visibility_in_menu": null, 
    "parent": 13, 
    "publisher_state": 0, 
    "soft_root": false, 
    "publication_date": "2013-12-05T16:50:10.496Z", 
    "publisher_public": 18, 
    "level": 1, 
    "changed_by": "admin", 
    "publisher_is_draft": true, 
    "published": true
  }
},
{
  "pk": 18, 
  "model": "cms.page", 
  "fields": {
    "rght": 19, 
    "navigation_extenders": "", 
    "site": 1, 
    "creation_date": "2013-12-05T16:50:15.460Z", 
    "lft": 2, 
    "in_navigation": true, 
    "reverse_id": null, 
    "login_required": false, 
    "created_by": "admin", 
    "publication_end_date": null, 
    "template": "documents.html", 
    "tree_id": 6, 
    "placeholders": [
      37, 
      38, 
      40
    ], 
    "changed_date": "2014-01-21T20:54:04.242Z", 
    "limit_visibility_in_menu": null, 
    "parent": 14, 
    "publisher_state": 0, 
    "soft_root": false, 
    "publication_date": "2013-12-05T16:50:10.496Z", 
    "publisher_public": 17, 
    "level": 1, 
    "changed_by": "admin", 
    "publisher_is_draft": false, 
    "published": true
  }
},
{
  "pk": 19, 
  "model": "cms.page", 
  "fields": {
    "rght": 4, 
    "navigation_extenders": "", 
    "site": 1, 
    "creation_date": "2013-12-05T17:27:22.597Z", 
    "lft": 3, 
    "in_navigation": true, 
    "reverse_id": null, 
    "login_required": false, 
    "created_by": "admin", 
    "publication_end_date": null, 
    "template": "cms_page.html", 
    "tree_id": 12, 
    "placeholders": [
      41, 
      42, 
      97
    ], 
    "changed_date": "2014-01-21T22:34:31.961Z", 
    "limit_visibility_in_menu": null, 
    "parent": 17, 
    "publisher_state": 0, 
    "soft_root": false, 
    "publication_date": "2013-12-05T17:27:40.752Z", 
    "publisher_public": 20, 
    "level": 2, 
    "changed_by": "admin", 
    "publisher_is_draft": true, 
    "published": true
  }
},
{
  "pk": 20, 
  "model": "cms.page", 
  "fields": {
    "rght": 4, 
    "navigation_extenders": "", 
    "site": 1, 
    "creation_date": "2013-12-05T17:27:45.715Z", 
    "lft": 3, 
    "in_navigation": true, 
    "reverse_id": null, 
    "login_required": false, 
    "created_by": "admin", 
    "publication_end_date": null, 
    "template": "cms_page.html", 
    "tree_id": 6, 
    "placeholders": [
      43, 
      44, 
      98
    ], 
    "changed_date": "2014-01-21T22:34:31.881Z", 
    "limit_visibility_in_menu": null, 
    "parent": 18, 
    "publisher_state": 0, 
    "soft_root": false, 
    "publication_date": "2013-12-05T17:27:40.752Z", 
    "publisher_public": 19, 
    "level": 2, 
    "changed_by": "admin", 
    "publisher_is_draft": false, 
    "published": true
  }
},
{
  "pk": 21, 
  "model": "cms.page", 
  "fields": {
    "rght": 6, 
    "navigation_extenders": "", 
    "site": 1, 
    "creation_date": "2013-12-05T17:28:13.481Z", 
    "lft": 5, 
    "in_navigation": true, 
    "reverse_id": null, 
    "login_required": false, 
    "created_by": "admin", 
    "publication_end_date": null, 
    "template": "cms_page.html", 
    "tree_id": 12, 
    "placeholders": [
      45, 
      46
    ], 
    "changed_date": "2014-01-21T21:33:18.098Z", 
    "limit_visibility_in_menu": null, 
    "parent": 17, 
    "publisher_state": 0, 
    "soft_root": false, 
    "publication_date": "2013-12-05T17:28:32.382Z", 
    "publisher_public": 22, 
    "level": 2, 
    "changed_by": "admin", 
    "publisher_is_draft": true, 
    "published": true
  }
},
{
  "pk": 22, 
  "model": "cms.page", 
  "fields": {
    "rght": 6, 
    "navigation_extenders": "", 
    "site": 1, 
    "creation_date": "2013-12-05T17:28:37.346Z", 
    "lft": 5, 
    "in_navigation": true, 
    "reverse_id": null, 
    "login_required": false, 
    "created_by": "admin", 
    "publication_end_date": null, 
    "template": "cms_page.html", 
    "tree_id": 6, 
    "placeholders": [
      47, 
      48
    ], 
    "changed_date": "2014-01-21T21:33:18.025Z", 
    "limit_visibility_in_menu": null, 
    "parent": 18, 
    "publisher_state": 0, 
    "soft_root": false, 
    "publication_date": "2013-12-05T17:28:32.382Z", 
    "publisher_public": 21, 
    "level": 2, 
    "changed_by": "admin", 
    "publisher_is_draft": false, 
    "published": true
  }
},
{
  "pk": 23, 
  "model": "cms.page", 
  "fields": {
    "rght": 18, 
    "navigation_extenders": "", 
    "site": 1, 
    "creation_date": "2013-12-05T17:28:54.983Z", 
    "lft": 9, 
    "in_navigation": true, 
    "reverse_id": null, 
    "login_required": false, 
    "created_by": "admin", 
    "publication_end_date": null, 
    "template": "membership.html", 
    "tree_id": 12, 
    "placeholders": [
      49, 
      50
    ], 
    "changed_date": "2014-01-21T21:05:03.958Z", 
    "limit_visibility_in_menu": null, 
    "parent": 17, 
    "publisher_state": 0, 
    "soft_root": false, 
    "publication_date": "2013-12-05T17:29:20.948Z", 
    "publisher_public": 24, 
    "level": 2, 
    "changed_by": "admin", 
    "publisher_is_draft": true, 
    "published": true
  }
},
{
  "pk": 24, 
  "model": "cms.page", 
  "fields": {
    "rght": 18, 
    "navigation_extenders": "", 
    "site": 1, 
    "creation_date": "2013-12-05T17:29:25.912Z", 
    "lft": 9, 
    "in_navigation": true, 
    "reverse_id": null, 
    "login_required": false, 
    "created_by": "admin", 
    "publication_end_date": null, 
    "template": "membership.html", 
    "tree_id": 6, 
    "placeholders": [
      51, 
      52
    ], 
    "changed_date": "2014-01-21T21:05:03.903Z", 
    "limit_visibility_in_menu": null, 
    "parent": 18, 
    "publisher_state": 0, 
    "soft_root": false, 
    "publication_date": "2013-12-05T17:29:20.948Z", 
    "publisher_public": 23, 
    "level": 2, 
    "changed_by": "admin", 
    "publisher_is_draft": false, 
    "published": true
  }
},
{
  "pk": 25, 
  "model": "cms.page", 
  "fields": {
    "rght": 11, 
    "navigation_extenders": "", 
    "site": 1, 
    "creation_date": "2013-12-05T17:29:46.171Z", 
    "lft": 10, 
    "in_navigation": true, 
    "reverse_id": null, 
    "login_required": false, 
    "created_by": "admin", 
    "publication_end_date": null, 
    "template": "cms_page.html", 
    "tree_id": 12, 
    "placeholders": [
      53, 
      54
    ], 
    "changed_date": "2014-01-21T21:15:06.583Z", 
    "limit_visibility_in_menu": null, 
    "parent": 23, 
    "publisher_state": 0, 
    "soft_root": false, 
    "publication_date": "2013-12-05T17:30:09.748Z", 
    "publisher_public": 26, 
    "level": 3, 
    "changed_by": "admin", 
    "publisher_is_draft": true, 
    "published": true
  }
},
{
  "pk": 26, 
  "model": "cms.page", 
  "fields": {
    "rght": 11, 
    "navigation_extenders": "", 
    "site": 1, 
    "creation_date": "2013-12-05T17:30:14.710Z", 
    "lft": 10, 
    "in_navigation": true, 
    "reverse_id": null, 
    "login_required": false, 
    "created_by": "admin", 
    "publication_end_date": null, 
    "template": "cms_page.html", 
    "tree_id": 6, 
    "placeholders": [
      55, 
      56
    ], 
    "changed_date": "2014-01-21T21:15:06.528Z", 
    "limit_visibility_in_menu": null, 
    "parent": 24, 
    "publisher_state": 0, 
    "soft_root": false, 
    "publication_date": "2013-12-05T17:30:09.748Z", 
    "publisher_public": 25, 
    "level": 3, 
    "changed_by": "admin", 
    "publisher_is_draft": false, 
    "published": true
  }
},
{
  "pk": 27, 
  "model": "cms.page", 
  "fields": {
    "rght": 13, 
    "navigation_extenders": "", 
    "site": 1, 
    "creation_date": "2013-12-05T17:30:26.453Z", 
    "lft": 12, 
    "in_navigation": true, 
    "reverse_id": null, 
    "login_required": false, 
    "created_by": "admin", 
    "publication_end_date": null, 
    "template": "cms_page.html", 
    "tree_id": 12, 
    "placeholders": [
      57, 
      58
    ], 
    "changed_date": "2014-01-21T21:16:18.748Z", 
    "limit_visibility_in_menu": null, 
    "parent": 23, 
    "publisher_state": 0, 
    "soft_root": false, 
    "publication_date": "2013-12-05T17:30:39.835Z", 
    "publisher_public": 28, 
    "level": 3, 
    "changed_by": "admin", 
    "publisher_is_draft": true, 
    "published": true
  }
},
{
  "pk": 28, 
  "model": "cms.page", 
  "fields": {
    "rght": 13, 
    "navigation_extenders": "", 
    "site": 1, 
    "creation_date": "2013-12-05T17:30:44.798Z", 
    "lft": 12, 
    "in_navigation": true, 
    "reverse_id": null, 
    "login_required": false, 
    "created_by": "admin", 
    "publication_end_date": null, 
    "template": "cms_page.html", 
    "tree_id": 6, 
    "placeholders": [
      59, 
      60
    ], 
    "changed_date": "2014-01-21T21:16:18.673Z", 
    "limit_visibility_in_menu": null, 
    "parent": 24, 
    "publisher_state": 0, 
    "soft_root": false, 
    "publication_date": "2013-12-05T17:30:39.835Z", 
    "publisher_public": 27, 
    "level": 3, 
    "changed_by": "admin", 
    "publisher_is_draft": false, 
    "published": true
  }
},
{
  "pk": 29, 
  "model": "cms.page", 
  "fields": {
    "rght": 15, 
    "navigation_extenders": "", 
    "site": 1, 
    "creation_date": "2013-12-05T17:31:40.446Z", 
    "lft": 14, 
    "in_navigation": true, 
    "reverse_id": null, 
    "login_required": false, 
    "created_by": "admin", 
    "publication_end_date": null, 
    "template": "cms_page.html", 
    "tree_id": 12, 
    "placeholders": [
      61, 
      62, 
      101
    ], 
    "changed_date": "2014-01-21T23:21:34.028Z", 
    "limit_visibility_in_menu": null, 
    "parent": 23, 
    "publisher_state": 0, 
    "soft_root": false, 
    "publication_date": "2013-12-05T17:31:56.642Z", 
    "publisher_public": 30, 
    "level": 3, 
    "changed_by": "admin", 
    "publisher_is_draft": true, 
    "published": true
  }
},
{
  "pk": 30, 
  "model": "cms.page", 
  "fields": {
    "rght": 15, 
    "navigation_extenders": "", 
    "site": 1, 
    "creation_date": "2013-12-05T17:32:05.980Z", 
    "lft": 14, 
    "in_navigation": true, 
    "reverse_id": null, 
    "login_required": false, 
    "created_by": "admin", 
    "publication_end_date": null, 
    "template": "cms_page.html", 
    "tree_id": 6, 
    "placeholders": [
      63, 
      64, 
      102
    ], 
    "changed_date": "2014-01-21T23:21:33.943Z", 
    "limit_visibility_in_menu": null, 
    "parent": 24, 
    "publisher_state": 0, 
    "soft_root": false, 
    "publication_date": "2013-12-05T17:31:56.642Z", 
    "publisher_public": 29, 
    "level": 3, 
    "changed_by": "admin", 
    "publisher_is_draft": false, 
    "published": true
  }
},
{
  "pk": 31, 
  "model": "cms.page", 
  "fields": {
    "rght": 17, 
    "navigation_extenders": "", 
    "site": 1, 
    "creation_date": "2013-12-05T17:32:16.995Z", 
    "lft": 16, 
    "in_navigation": true, 
    "reverse_id": null, 
    "login_required": false, 
    "created_by": "admin", 
    "publication_end_date": null, 
    "template": "cms_page.html", 
    "tree_id": 12, 
    "placeholders": [
      65, 
      66
    ], 
    "changed_date": "2014-01-21T21:14:17.563Z", 
    "limit_visibility_in_menu": null, 
    "parent": 23, 
    "publisher_state": 0, 
    "soft_root": false, 
    "publication_date": "2013-12-05T17:32:34.193Z", 
    "publisher_public": 32, 
    "level": 3, 
    "changed_by": "admin", 
    "publisher_is_draft": true, 
    "published": true
  }
},
{
  "pk": 32, 
  "model": "cms.page", 
  "fields": {
    "rght": 17, 
    "navigation_extenders": "", 
    "site": 1, 
    "creation_date": "2013-12-05T17:32:42.291Z", 
    "lft": 16, 
    "in_navigation": true, 
    "reverse_id": null, 
    "login_required": false, 
    "created_by": "admin", 
    "publication_end_date": null, 
    "template": "cms_page.html", 
    "tree_id": 6, 
    "placeholders": [
      67, 
      68
    ], 
    "changed_date": "2014-01-21T21:14:17.508Z", 
    "limit_visibility_in_menu": null, 
    "parent": 24, 
    "publisher_state": 0, 
    "soft_root": false, 
    "publication_date": "2013-12-05T17:32:34.193Z", 
    "publisher_public": 31, 
    "level": 3, 
    "changed_by": "admin", 
    "publisher_is_draft": false, 
    "published": true
  }
},
{
  "pk": 33, 
  "model": "cms.page", 
  "fields": {
    "rght": 3, 
    "navigation_extenders": "", 
    "site": 1, 
    "creation_date": "2013-12-12T18:25:17.868Z", 
    "lft": 2, 
    "in_navigation": true, 
    "reverse_id": null, 
    "login_required": false, 
    "created_by": "admin", 
    "publication_end_date": null, 
    "template": "cms_page.html", 
    "tree_id": 13, 
    "placeholders": [
      79, 
      80, 
      99
    ], 
    "changed_date": "2014-01-21T23:00:48.735Z", 
    "limit_visibility_in_menu": null, 
    "parent": 15, 
    "publisher_state": 0, 
    "soft_root": false, 
    "publication_date": "2013-12-12T18:25:28.179Z", 
    "publisher_public": 34, 
    "level": 1, 
    "changed_by": "admin", 
    "publisher_is_draft": true, 
    "published": true
  }
},
{
  "pk": 34, 
  "model": "cms.page", 
  "fields": {
    "rght": 3, 
    "navigation_extenders": "", 
    "site": 1, 
    "creation_date": "2013-12-12T18:25:33.144Z", 
    "lft": 2, 
    "in_navigation": true, 
    "reverse_id": null, 
    "login_required": false, 
    "created_by": "admin", 
    "publication_end_date": null, 
    "template": "cms_page.html", 
    "tree_id": 7, 
    "placeholders": [
      81, 
      82, 
      100
    ], 
    "changed_date": "2014-01-21T23:00:48.654Z", 
    "limit_visibility_in_menu": null, 
    "parent": 16, 
    "publisher_state": 0, 
    "soft_root": false, 
    "publication_date": "2013-12-12T18:25:28.179Z", 
    "publisher_public": 33, 
    "level": 1, 
    "changed_by": "admin", 
    "publisher_is_draft": false, 
    "published": true
  }
},
{
  "pk": 35, 
  "model": "cms.page", 
  "fields": {
    "rght": 8, 
    "navigation_extenders": "", 
    "site": 1, 
    "creation_date": "2014-01-21T21:33:34.510Z", 
    "lft": 7, 
    "in_navigation": true, 
    "reverse_id": null, 
    "login_required": false, 
    "created_by": "admin", 
    "publication_end_date": null, 
    "template": "cms_page.html", 
    "tree_id": 12, 
    "placeholders": [
      91
    ], 
    "changed_date": "2014-01-21T21:39:28.290Z", 
    "limit_visibility_in_menu": null, 
    "parent": 17, 
    "publisher_state": 0, 
    "soft_root": false, 
    "publication_date": "2014-01-21T21:33:55.284Z", 
    "publisher_public": 36, 
    "level": 2, 
    "changed_by": "admin", 
    "publisher_is_draft": true, 
    "published": true
  }
},
{
  "pk": 36, 
  "model": "cms.page", 
  "fields": {
    "rght": 8, 
    "navigation_extenders": "", 
    "site": 1, 
    "creation_date": "2014-01-21T21:34:00.234Z", 
    "lft": 7, 
    "in_navigation": true, 
    "reverse_id": null, 
    "login_required": false, 
    "created_by": "admin", 
    "publication_end_date": null, 
    "template": "cms_page.html", 
    "tree_id": 6, 
    "placeholders": [
      92
    ], 
    "changed_date": "2014-01-21T21:39:28.218Z", 
    "limit_visibility_in_menu": null, 
    "parent": 18, 
    "publisher_state": 0, 
    "soft_root": false, 
    "publication_date": "2014-01-21T21:33:55.284Z", 
    "publisher_public": 35, 
    "level": 2, 
    "changed_by": "admin", 
    "publisher_is_draft": false, 
    "published": true
  }
},
{
  "pk": 1, 
  "model": "cms.title", 
  "fields": {
    "menu_title": "", 
    "redirect": "", 
    "meta_keywords": "", 
    "page_title": "", 
    "language": "en", 
    "title": "Home", 
    "has_url_overwrite": false, 
    "application_urls": "", 
    "creation_date": "2013-11-18T15:27:41.884Z", 
    "page": 1, 
    "path": "", 
    "meta_description": "", 
    "slug": "home"
  }
},
{
  "pk": 2, 
  "model": "cms.title", 
  "fields": {
    "menu_title": "", 
    "redirect": "", 
    "meta_keywords": "", 
    "page_title": "", 
    "language": "en", 
    "title": "Home", 
    "has_url_overwrite": false, 
    "application_urls": "", 
    "creation_date": "2013-11-18T15:27:41.884Z", 
    "page": 2, 
    "path": "", 
    "meta_description": "", 
    "slug": "home"
  }
},
{
  "pk": 3, 
  "model": "cms.title", 
  "fields": {
    "menu_title": "", 
    "redirect": "", 
    "meta_keywords": "", 
    "page_title": "", 
    "language": "en", 
    "title": "Help", 
    "has_url_overwrite": false, 
    "application_urls": "", 
    "creation_date": "2013-11-18T16:37:16.642Z", 
    "page": 3, 
    "path": "help", 
    "meta_description": "", 
    "slug": "help"
  }
},
{
  "pk": 4, 
  "model": "cms.title", 
  "fields": {
    "menu_title": "", 
    "redirect": "", 
    "meta_keywords": "", 
    "page_title": "", 
    "language": "en", 
    "title": "Help", 
    "has_url_overwrite": false, 
    "application_urls": "", 
    "creation_date": "2013-11-18T16:37:16.642Z", 
    "page": 4, 
    "path": "help", 
    "meta_description": "", 
    "slug": "help"
  }
},
{
  "pk": 9, 
  "model": "cms.title", 
  "fields": {
    "menu_title": "", 
    "redirect": "", 
    "meta_keywords": "", 
    "page_title": "", 
    "language": "en", 
    "title": "Bug report", 
    "has_url_overwrite": false, 
    "application_urls": "", 
    "creation_date": "2013-12-02T14:26:09.837Z", 
    "page": 9, 
    "path": "bug-report", 
    "meta_description": "", 
    "slug": "bug-report"
  }
},
{
  "pk": 10, 
  "model": "cms.title", 
  "fields": {
    "menu_title": "", 
    "redirect": "", 
    "meta_keywords": "", 
    "page_title": "", 
    "language": "en", 
    "title": "Bug report", 
    "has_url_overwrite": false, 
    "application_urls": "", 
    "creation_date": "2013-12-02T14:26:09.837Z", 
    "page": 10, 
    "path": "bug-report", 
    "meta_description": "", 
    "slug": "bug-report"
  }
},
{
  "pk": 11, 
  "model": "cms.title", 
  "fields": {
    "menu_title": "", 
    "redirect": "", 
    "meta_keywords": "", 
    "page_title": "", 
    "language": "en", 
    "title": "Copyright", 
    "has_url_overwrite": false, 
    "application_urls": "", 
    "creation_date": "2013-12-02T14:33:22.888Z", 
    "page": 11, 
    "path": "copyright", 
    "meta_description": "", 
    "slug": "copyright"
  }
},
{
  "pk": 12, 
  "model": "cms.title", 
  "fields": {
    "menu_title": "", 
    "redirect": "", 
    "meta_keywords": "", 
    "page_title": "", 
    "language": "en", 
    "title": "Copyright", 
    "has_url_overwrite": false, 
    "application_urls": "", 
    "creation_date": "2013-12-02T14:33:22.888Z", 
    "page": 12, 
    "path": "copyright", 
    "meta_description": "", 
    "slug": "copyright"
  }
},
{
  "pk": 13, 
  "model": "cms.title", 
  "fields": {
    "menu_title": "", 
    "redirect": "", 
    "meta_keywords": "", 
    "page_title": "", 
    "language": "en", 
    "title": "Archive", 
    "has_url_overwrite": false, 
    "application_urls": "ArchiveApphook", 
    "creation_date": "2013-12-02T14:54:05.800Z", 
    "page": 13, 
    "path": "archive", 
    "meta_description": "", 
    "slug": "archive"
  }
},
{
  "pk": 14, 
  "model": "cms.title", 
  "fields": {
    "menu_title": "", 
    "redirect": "", 
    "meta_keywords": "", 
    "page_title": "", 
    "language": "en", 
    "title": "Archive", 
    "has_url_overwrite": false, 
    "application_urls": "ArchiveApphook", 
    "creation_date": "2013-12-02T14:54:05.800Z", 
    "page": 14, 
    "path": "archive", 
    "meta_description": "", 
    "slug": "archive"
  }
},
{
  "pk": 15, 
  "model": "cms.title", 
  "fields": {
    "menu_title": "", 
    "redirect": "", 
    "meta_keywords": "", 
    "page_title": "", 
    "language": "en", 
    "title": "Community", 
    "has_url_overwrite": false, 
    "application_urls": "CommunityApphook", 
    "creation_date": "2013-12-02T17:23:12.230Z", 
    "page": 15, 
    "path": "community", 
    "meta_description": "", 
    "slug": "community"
  }
},
{
  "pk": 16, 
  "model": "cms.title", 
  "fields": {
    "menu_title": "", 
    "redirect": "", 
    "meta_keywords": "", 
    "page_title": "", 
    "language": "en", 
    "title": "Community", 
    "has_url_overwrite": false, 
    "application_urls": "CommunityApphook", 
    "creation_date": "2013-12-02T17:23:12.230Z", 
    "page": 16, 
    "path": "community", 
    "meta_description": "", 
    "slug": "community"
  }
},
{
  "pk": 17, 
  "model": "cms.title", 
  "fields": {
    "menu_title": "", 
    "redirect": "", 
    "meta_keywords": "", 
    "page_title": "", 
    "language": "en", 
    "title": "Documents", 
    "has_url_overwrite": false, 
    "application_urls": "", 
    "creation_date": "2013-12-05T16:49:45.864Z", 
    "page": 17, 
    "path": "archive/documents", 
    "meta_description": "", 
    "slug": "documents"
  }
},
{
  "pk": 18, 
  "model": "cms.title", 
  "fields": {
    "menu_title": "", 
    "redirect": "", 
    "meta_keywords": "", 
    "page_title": "", 
    "language": "en", 
    "title": "Documents", 
    "has_url_overwrite": false, 
    "application_urls": "", 
    "creation_date": "2013-12-05T16:49:45.864Z", 
    "page": 18, 
    "path": "archive/documents", 
    "meta_description": "", 
    "slug": "documents"
  }
},
{
  "pk": 19, 
  "model": "cms.title", 
  "fields": {
    "menu_title": "", 
    "redirect": "", 
    "meta_keywords": "", 
    "page_title": "", 
    "language": "en", 
    "title": "Interpreter", 
    "has_url_overwrite": false, 
    "application_urls": "", 
    "creation_date": "2013-12-05T17:27:22.610Z", 
    "page": 19, 
    "path": "archive/documents/interpreter", 
    "meta_description": "", 
    "slug": "interpreter"
  }
},
{
  "pk": 20, 
  "model": "cms.title", 
  "fields": {
    "menu_title": "", 
    "redirect": "", 
    "meta_keywords": "", 
    "page_title": "", 
    "language": "en", 
    "title": "Interpreter", 
    "has_url_overwrite": false, 
    "application_urls": "", 
    "creation_date": "2013-12-05T17:27:22.610Z", 
    "page": 20, 
    "path": "archive/documents/interpreter", 
    "meta_description": "", 
    "slug": "interpreter"
  }
},
{
  "pk": 21, 
  "model": "cms.title", 
  "fields": {
    "menu_title": "", 
    "redirect": "", 
    "meta_keywords": "", 
    "page_title": "", 
    "language": "en", 
    "title": "Blocked universes", 
    "has_url_overwrite": false, 
    "application_urls": "", 
    "creation_date": "2013-12-05T17:28:13.496Z", 
    "page": 21, 
    "path": "archive/documents/blocked-list", 
    "meta_description": "", 
    "slug": "blocked-list"
  }
},
{
  "pk": 22, 
  "model": "cms.title", 
  "fields": {
    "menu_title": "", 
    "redirect": "", 
    "meta_keywords": "", 
    "page_title": "", 
    "language": "en", 
    "title": "Blocked universes", 
    "has_url_overwrite": false, 
    "application_urls": "", 
    "creation_date": "2013-12-05T17:28:13.496Z", 
    "page": 22, 
    "path": "archive/documents/blocked-list", 
    "meta_description": "", 
    "slug": "blocked-list"
  }
},
{
  "pk": 23, 
  "model": "cms.title", 
  "fields": {
    "menu_title": "", 
    "redirect": "", 
    "meta_keywords": "", 
    "page_title": "", 
    "language": "en", 
    "title": "Membership", 
    "has_url_overwrite": false, 
    "application_urls": "", 
    "creation_date": "2013-12-05T17:28:54.998Z", 
    "page": 23, 
    "path": "archive/documents/membership", 
    "meta_description": "", 
    "slug": "membership"
  }
},
{
  "pk": 24, 
  "model": "cms.title", 
  "fields": {
    "menu_title": "", 
    "redirect": "", 
    "meta_keywords": "", 
    "page_title": "", 
    "language": "en", 
    "title": "Membership", 
    "has_url_overwrite": false, 
    "application_urls": "", 
    "creation_date": "2013-12-05T17:28:54.998Z", 
    "page": 24, 
    "path": "archive/documents/membership", 
    "meta_description": "", 
    "slug": "membership"
  }
},
{
  "pk": 25, 
  "model": "cms.title", 
  "fields": {
    "menu_title": "", 
    "redirect": "", 
    "meta_keywords": "", 
    "page_title": "", 
    "language": "en", 
    "title": "Travel", 
    "has_url_overwrite": false, 
    "application_urls": "", 
    "creation_date": "2013-12-05T17:29:46.185Z", 
    "page": 25, 
    "path": "archive/documents/membership/travel", 
    "meta_description": "", 
    "slug": "travel"
  }
},
{
  "pk": 26, 
  "model": "cms.title", 
  "fields": {
    "menu_title": "", 
    "redirect": "", 
    "meta_keywords": "", 
    "page_title": "", 
    "language": "en", 
    "title": "Travel", 
    "has_url_overwrite": false, 
    "application_urls": "", 
    "creation_date": "2013-12-05T17:29:46.185Z", 
    "page": 26, 
    "path": "archive/documents/membership/travel", 
    "meta_description": "", 
    "slug": "travel"
  }
},
{
  "pk": 27, 
  "model": "cms.title", 
  "fields": {
    "menu_title": "", 
    "redirect": "", 
    "meta_keywords": "", 
    "page_title": "", 
    "language": "en", 
    "title": "Trade", 
    "has_url_overwrite": false, 
    "application_urls": "", 
    "creation_date": "2013-12-05T17:30:26.469Z", 
    "page": 27, 
    "path": "archive/documents/membership/trade", 
    "meta_description": "", 
    "slug": "trade"
  }
},
{
  "pk": 28, 
  "model": "cms.title", 
  "fields": {
    "menu_title": "", 
    "redirect": "", 
    "meta_keywords": "", 
    "page_title": "", 
    "language": "en", 
    "title": "Trade", 
    "has_url_overwrite": false, 
    "application_urls": "", 
    "creation_date": "2013-12-05T17:30:26.469Z", 
    "page": 28, 
    "path": "archive/documents/membership/trade", 
    "meta_description": "", 
    "slug": "trade"
  }
},
{
  "pk": 29, 
  "model": "cms.title", 
  "fields": {
    "menu_title": "", 
    "redirect": "", 
    "meta_keywords": "", 
    "page_title": "", 
    "language": "en", 
    "title": "Phone", 
    "has_url_overwrite": false, 
    "application_urls": "", 
    "creation_date": "2013-12-05T17:31:40.462Z", 
    "page": 29, 
    "path": "archive/documents/membership/phone", 
    "meta_description": "", 
    "slug": "phone"
  }
},
{
  "pk": 30, 
  "model": "cms.title", 
  "fields": {
    "menu_title": "", 
    "redirect": "", 
    "meta_keywords": "", 
    "page_title": "", 
    "language": "en", 
    "title": "Phone", 
    "has_url_overwrite": false, 
    "application_urls": "", 
    "creation_date": "2013-12-05T17:31:40.462Z", 
    "page": 30, 
    "path": "archive/documents/membership/phone", 
    "meta_description": "", 
    "slug": "phone"
  }
},
{
  "pk": 31, 
  "model": "cms.title", 
  "fields": {
    "menu_title": "", 
    "redirect": "", 
    "meta_keywords": "", 
    "page_title": "", 
    "language": "en", 
    "title": "Council", 
    "has_url_overwrite": false, 
    "application_urls": "", 
    "creation_date": "2013-12-05T17:32:17.010Z", 
    "page": 31, 
    "path": "archive/documents/membership/council", 
    "meta_description": "", 
    "slug": "council"
  }
},
{
  "pk": 32, 
  "model": "cms.title", 
  "fields": {
    "menu_title": "", 
    "redirect": "", 
    "meta_keywords": "", 
    "page_title": "", 
    "language": "en", 
    "title": "Council", 
    "has_url_overwrite": false, 
    "application_urls": "", 
    "creation_date": "2013-12-05T17:32:17.010Z", 
    "page": 32, 
    "path": "archive/documents/membership/council", 
    "meta_description": "", 
    "slug": "council"
  }
},
{
  "pk": 33, 
  "model": "cms.title", 
  "fields": {
    "menu_title": "", 
    "redirect": "", 
    "meta_keywords": "", 
    "page_title": "", 
    "language": "en", 
    "title": "Rules", 
    "has_url_overwrite": false, 
    "application_urls": "", 
    "creation_date": "2013-12-12T18:25:17.886Z", 
    "page": 33, 
    "path": "community/rules", 
    "meta_description": "", 
    "slug": "rules"
  }
},
{
  "pk": 34, 
  "model": "cms.title", 
  "fields": {
    "menu_title": "", 
    "redirect": "", 
    "meta_keywords": "", 
    "page_title": "", 
    "language": "en", 
    "title": "Rules", 
    "has_url_overwrite": false, 
    "application_urls": "", 
    "creation_date": "2013-12-12T18:25:17.886Z", 
    "page": 34, 
    "path": "community/rules", 
    "meta_description": "", 
    "slug": "rules"
  }
},
{
  "pk": 35, 
  "model": "cms.title", 
  "fields": {
    "menu_title": "", 
    "redirect": "", 
    "meta_keywords": "", 
    "page_title": "", 
    "language": "en", 
    "title": "Forbidden universes", 
    "has_url_overwrite": false, 
    "application_urls": "", 
    "creation_date": "2014-01-21T21:33:34.531Z", 
    "page": 35, 
    "path": "archive/documents/forbidden-list", 
    "meta_description": "", 
    "slug": "forbidden-list"
  }
},
{
  "pk": 36, 
  "model": "cms.title", 
  "fields": {
    "menu_title": "", 
    "redirect": "", 
    "meta_keywords": "", 
    "page_title": "", 
    "language": "en", 
    "title": "Forbidden universes", 
    "has_url_overwrite": false, 
    "application_urls": "", 
    "creation_date": "2014-01-21T21:33:34.531Z", 
    "page": 36, 
    "path": "archive/documents/forbidden-list", 
    "meta_description": "", 
    "slug": "forbidden-list"
  }
},
{
  "pk": 3, 
  "model": "text.text", 
  "fields": {
    "body": "<h2>Site help</h2><h3>I found a bug.</h3><p>Submit a bug report. Link\u2019s at the bottom of every page. You may call the sysadmin at 99999 ONLY if the problem somehow results in your not being able to use the bug report form.</p><h3>Why isn't there any private messaging?</h3><p>Some people don't want everyone else in the TTA to be able to contact them.</p><h3>I thought of a cool thing for this website! Will you implement it?</h3><p>No.</p><h3>Where are your servers? How am I even accessing them?</h3><p>Magic.</p><h3>When will this website be finished?</h3><p>Never.</p>"
  }
},
{
  "pk": 6, 
  "model": "text.text", 
  "fields": {
    "body": "<h2>Site help</h2><h3>I found a bug.</h3><p>Submit a bug report. Link\u2019s at the bottom of every page. You may call the sysadmin at 99999 ONLY if the problem somehow results in your not being able to use the bug report form.</p><h3>Why isn't there any private messaging?</h3><p>Some people don't want everyone else in the TTA to be able to contact them.</p><h3>I thought of a cool thing for this website! Will you implement it?</h3><p>No.</p><h3>Where are your servers? How am I even accessing them?</h3><p>Magic.</p><h3>When will this website be finished?</h3><p>Never.</p>"
  }
},
{
  "pk": 7, 
  "model": "text.text", 
  "fields": {
    "body": "<h2>Blocked universes</h2><p>Please note that this page is not about TTA policy. These are universes that travelers simply cannot reach.</p><h3>Works with sovereign deities</h3><p>Narnia<br>The complete works of Tolkien</p><h3>Works with incompatible multiverses</h3><p>Heinlein\u2019s The Number of the Beast<br>Anything from the \u201cMary Sue Hunter\u201d genre, e.g. Protectors of the Plot Continuum<br>Ariadne and the Science</p><h3>Not fiction</h3><p>It should also be noted that the following \"universes\" cannot be reached because they do not exist:</p><p>Religious works and belief systems<br>Artwork without words<br>Anything not consciously created</p>"
  }
},
{
  "pk": 9, 
  "model": "text.text", 
  "fields": {
    "body": "<h2>TTA guides and membership documents</h2><p>Ja zap zap pari rib pari lalan,<br>dig dari ril lan diz dan du.<br>La dibi dabi dal la rub padi rubi rang,<br>Kuri kang kug kaja kiri kang ku.</p>"
  }
},
{
  "pk": 10, 
  "model": "text.text", 
  "fields": {
    "body": "<h2>TTA guides and membership documents</h2><p>Ja zap zap pari rib pari lalan,<br>dig dari ril lan diz dan du.<br>La dibi dabi dal la rub padi rubi rang,<br>Kuri kang kug kaja kiri kang ku.</p>"
  }
},
{
  "pk": 12, 
  "model": "text.text", 
  "fields": {
    "body": "<h2>How the Interpreter works</h2><p>Each universe inherits \"natural laws\" from its parent and modifies them as the plot demands.</p><p>Anything not explicitly indicated by the story can be shaped by the Interpreter in any way it deems necessary to bring about the characters and events explicitly indicated by the story.</p>"
  }
},
{
  "pk": 14, 
  "model": "text.text", 
  "fields": {
    "body": "<h2>TTA membership</h2><p>I'm not sure why this is its own page. I might need to do something about that. (But the CMS auto-menu...)</p>"
  }
},
{
  "pk": 15, 
  "model": "text.text", 
  "fields": {
    "body": "<h2>TTA membership</h2><p>I'm not sure why this is its own page. I might need to do something about that. (But the CMS auto-menu...)</p>"
  }
},
{
  "pk": 16, 
  "model": "text.text", 
  "fields": {
    "body": "<h2>TTA phone information</h2><h3>History</h3><p>This hasn't been decided yet.</p><h3>How it works</h3><p>Our phones are based on guaranteed-functionality long-range communication devices with thought-sense. The numbers are mostly a formality. We require you to use them so that your call is guaranteed to go where it\u2019s supposed to go.</p><p>Here is where I will put the instruction manual file.</p><h3>Policy</h3><p>Do not call people over and over. This is considered to be rude. The receiving device will record the fact that you called.<br>Alternate alphabets can be added to your phone on a case-by-case basis. This can be costly for us, so we may request some compensation for this if it is not mission-critical.</p>"
  }
},
{
  "pk": 18, 
  "model": "text.text", 
  "fields": {
    "body": "<h2>The TTA Ruling Council</h2><p>Dummy text! Yay!</p>"
  }
},
{
  "pk": 19, 
  "model": "text.text", 
  "fields": {
    "body": "<h2>The TTA Ruling Council</h2><p>Dummy text! Yay!</p>"
  }
},
{
  "pk": 20, 
  "model": "text.text", 
  "fields": {
    "body": "<h2>Traveling policy</h2><p>Be prepared.<br>Avoid interference.</p>"
  }
},
{
  "pk": 21, 
  "model": "text.text", 
  "fields": {
    "body": "<h2>Traveling policy</h2><p>Be prepared.<br>Avoid interference.</p>"
  }
},
{
  "pk": 22, 
  "model": "text.text", 
  "fields": {
    "body": "<h2>Trade policy</h2><p>Every vendor reserves the right to set prices, require specific currencies, and reject offers as they please.</p>"
  }
},
{
  "pk": 23, 
  "model": "text.text", 
  "fields": {
    "body": "<h2>Trade policy</h2><p>Every vendor reserves the right to set prices, require specific currencies, and reject offers as they please.</p>"
  }
},
{
  "pk": 24, 
  "model": "text.text", 
  "fields": {
    "body": "<h2>Blocked universes</h2><p>Please note that this page is not about TTA policy. These are universes that travelers simply cannot reach.</p><h3>Works with sovereign deities</h3><p>Narnia<br>The complete works of Tolkien</p><h3>Works with incompatible multiverses</h3><p>Heinlein\u2019s The Number of the Beast<br>Anything from the \u201cMary Sue Hunter\u201d genre, e.g. Protectors of the Plot Continuum<br>Ariadne and the Science</p><h3>Not fiction</h3><p>It should also be noted that the following \"universes\" cannot be reached because they do not exist:</p><p>Religious works and belief systems<br>Artwork without words<br>Anything not consciously created</p>"
  }
},
{
  "pk": 25, 
  "model": "text.text", 
  "fields": {
    "body": "<h2>Forbidden universes</h2><p>The following universes are off-limits to TTA members:</p><p>Star Wars (Force poisoning)<br>The Big Bang Theory</p>"
  }
},
{
  "pk": 26, 
  "model": "text.text", 
  "fields": {
    "body": "<h2>Forbidden universes</h2><p>The following universes are off-limits to TTA members:</p><p>Star Wars (Force poisoning)<br>The Big Bang Theory</p>"
  }
},
{
  "pk": 27, 
  "model": "text.text", 
  "fields": {
    "body": "<h2>Bug report form</h2><p>This could get tricky. I want a form here, not a CMS page. I can probably override this in the default URLconf.</p>"
  }
},
{
  "pk": 28, 
  "model": "text.text", 
  "fields": {
    "body": "<h2>Bug report form</h2><p>This could get tricky. I want a form here, not a CMS page. I can probably override this in the default URLconf.</p>"
  }
},
{
  "pk": 29, 
  "model": "text.text", 
  "fields": {
    "body": "<h2>Copyright and licensing information</h2><p>Dummy text! Yay!</p>"
  }
},
{
  "pk": 30, 
  "model": "text.text", 
  "fields": {
    "body": "<h2>Copyright and licensing information</h2><p>Dummy text! Yay!</p>"
  }
},
{
  "pk": 33, 
  "model": "text.text", 
  "fields": {
    "body": "<p>I don't know what I want to go on this page. \"Community\" will eventually have something like a forum.</p>"
  }
},
{
  "pk": 35, 
  "model": "text.text", 
  "fields": {
    "body": "<h2>Web community rules</h2><h3>Profiles</h3><p>You are required to use your real name in your user profile. You may set the \"private\" flag to allow only TTA web staff and the Council to see your location, contact number and membership start date.</p><h3>Forum rules</h3><p>Be nice.</p>"
  }
},
{
  "pk": 37, 
  "model": "text.text", 
  "fields": {
    "body": "<h2>Welcome to the TTA</h2><p>According to something I Googled, a good front page needs to clearly show who I am, what I do, and what the visitor can do here. It should also have \"calls to action\", like \"Learn more\".</p><p>I'm not messing with styling right now, but when it comes to that, I can access the HTML from within this plugin to add classes and ids and such.</p><h3>Browse the archive</h3><p>We have all the information you need.</p><h3>Learn more about TTA policy</h3><p>We want to make sure our expectations are perfectly clear, so we make them fully available to all TTA members.</p><h3>Connect</h3><p>Meet other TTA members, browse upcoming events and discuss important matters.</p>"
  }
},
{
  "pk": 39, 
  "model": "text.text", 
  "fields": {
    "body": "<p>This is the home page sidebar that Help, Bug report, and Copyright will inherit.</p>"
  }
},
{
  "pk": 42, 
  "model": "text.text", 
  "fields": {
    "body": "<h2>How the Interpreter works</h2><p>Each universe inherits \"natural laws\" from its parent and modifies them as the plot demands.</p><p>Anything not explicitly indicated by the story can be shaped by the Interpreter in any way it deems necessary to bring about the characters and events explicitly indicated by the story.</p>"
  }
},
{
  "pk": 43, 
  "model": "text.text", 
  "fields": {
    "body": "<h2>Web community rules</h2><h3>Profiles</h3><p>You are required to use your real name in your user profile. You may set the \"private\" flag to allow only TTA web staff and the Council to see your location, contact number and membership start date.</p><h3>Forum rules</h3><p>Be nice.</p>"
  }
},
{
  "pk": 44, 
  "model": "text.text", 
  "fields": {
    "body": "<h2>TTA phone information</h2><h3>History</h3><p>This hasn't been decided yet.</p><h3>How it works</h3><p>Our phones are based on guaranteed-functionality long-range communication devices with thought-sense. The numbers are mostly a formality. We require you to use them so that your call is guaranteed to go where it\u2019s supposed to go.</p><p>Here is where I will put the instruction manual file.</p><h3>Policy</h3><p>Do not call people over and over. This is considered to be rude. The receiving device will record the fact that you called.<br>Alternate alphabets can be added to your phone on a case-by-case basis. This can be costly for us, so we may request some compensation for this if it is not mission-critical.</p>"
  }
},
{
  "pk": 45, 
  "model": "text.text", 
  "fields": {
    "body": "<h2>Welcome to the TTA</h2><p>According to something I Googled, a good front page needs to clearly show who I am, what I do, and what the visitor can do here. It should also have \"calls to action\", like \"Learn more\".</p><p>I'm not messing with styling right now, but when it comes to that, I can access the HTML from within this plugin to add classes and ids and such.</p><h3>Browse the archive</h3><p>We have all the information you need.</p><h3>Learn more about TTA policy</h3><p>We want to make sure our expectations are perfectly clear, so we make them fully available to all TTA members.</p><h3>Connect</h3><p>Meet other TTA members, browse upcoming events and discuss important matters.</p>"
  }
},
{
  "pk": 46, 
  "model": "text.text", 
  "fields": {
    "body": "<p>This is the home page sidebar that Help, Bug report, and Copyright will inherit.</p>"
  }
},
{
  "pk": 47, 
  "model": "text.text", 
  "fields": {
    "body": "<p>This is the archive sidebar plugin. I may want to create a custom plugin for a featured article to go here.</p>"
  }
},
{
  "pk": 48, 
  "model": "text.text", 
  "fields": {
    "body": "<p>This is the archive sidebar plugin. I may want to create a custom plugin for a featured article to go here.</p>"
  }
},
{
  "pk": 50, 
  "model": "text.text", 
  "fields": {
    "body": "<p>I don't know what I want to go on this page. \"Community\" will eventually have something like a forum.</p>"
  }
}
]
