[
{
  "pk": 3, 
  "model": "text.text", 
  "fields": {
    "body": "<h2>Site help</h2><h3>I found a bug.</h3><p>Submit a bug report. Link\u2019s at the bottom of every page. You may call the sysadmin at 99999 ONLY if the problem somehow results in your not being able to use the bug report form.</p><h3>Why isn't there any private messaging?</h3><p>Some people don't want everyone else in the TTA to be able to contact them.</p><h3>I thought of a cool thing for this website! Will you implement it?</h3><p>No.</p><h3>Where are your servers? How am I even accessing them?</h3><p>Magic.</p><h3>When will this website be finished?</h3><p>Never.</p>"
  }
},
{
  "pk": 6, 
  "model": "text.text", 
  "fields": {
    "body": "<h2>Site help</h2><h3>I found a bug.</h3><p>Submit a bug report. Link\u2019s at the bottom of every page. You may call the sysadmin at 99999 ONLY if the problem somehow results in your not being able to use the bug report form.</p><h3>Why isn't there any private messaging?</h3><p>Some people don't want everyone else in the TTA to be able to contact them.</p><h3>I thought of a cool thing for this website! Will you implement it?</h3><p>No.</p><h3>Where are your servers? How am I even accessing them?</h3><p>Magic.</p><h3>When will this website be finished?</h3><p>Never.</p>"
  }
},
{
  "pk": 7, 
  "model": "text.text", 
  "fields": {
    "body": "<h2>Blocked universes</h2><p>Please note that this page is not about TTA policy. These are universes that travelers simply cannot reach.</p><h3>Works with sovereign deities</h3><p>Narnia<br>The complete works of Tolkien</p><h3>Works with incompatible multiverses</h3><p>Heinlein\u2019s The Number of the Beast<br>Anything from the \u201cMary Sue Hunter\u201d genre, e.g. Protectors of the Plot Continuum<br>Ariadne and the Science</p><h3>Not fiction</h3><p>It should also be noted that the following \"universes\" cannot be reached because they do not exist:</p><p>Religious works and belief systems<br>Artwork without words<br>Anything not consciously created</p>"
  }
},
{
  "pk": 9, 
  "model": "text.text", 
  "fields": {
    "body": "<h2>TTA guides and membership documents</h2><p>Ja zap zap pari rib pari lalan,<br>dig dari ril lan diz dan du.<br>La dibi dabi dal la rub padi rubi rang,<br>Kuri kang kug kaja kiri kang ku.</p>"
  }
},
{
  "pk": 10, 
  "model": "text.text", 
  "fields": {
    "body": "<h2>TTA guides and membership documents</h2><p>Ja zap zap pari rib pari lalan,<br>dig dari ril lan diz dan du.<br>La dibi dabi dal la rub padi rubi rang,<br>Kuri kang kug kaja kiri kang ku.</p>"
  }
},
{
  "pk": 12, 
  "model": "text.text", 
  "fields": {
    "body": "<h2>How the Interpreter works</h2><p>Each universe inherits \"natural laws\" from its parent and modifies them as the plot demands.</p><p>Anything not explicitly indicated by the story can be shaped by the Interpreter in any way it deems necessary to bring about the characters and events explicitly indicated by the story.</p>"
  }
},
{
  "pk": 14, 
  "model": "text.text", 
  "fields": {
    "body": "<h2>TTA membership</h2><p>I'm not sure why this is its own page. I might need to do something about that. (But the CMS auto-menu...)</p>"
  }
},
{
  "pk": 15, 
  "model": "text.text", 
  "fields": {
    "body": "<h2>TTA membership</h2><p>I'm not sure why this is its own page. I might need to do something about that. (But the CMS auto-menu...)</p>"
  }
},
{
  "pk": 16, 
  "model": "text.text", 
  "fields": {
    "body": "<h2>TTA phone information</h2><h3>History</h3><p>This hasn't been decided yet.</p><h3>How it works</h3><p>Our phones are based on guaranteed-functionality long-range communication devices with thought-sense. The numbers are mostly a formality. We require you to use them so that your call is guaranteed to go where it\u2019s supposed to go.</p><p>Here is where I will put the instruction manual file.</p><h3>Policy</h3><p>Do not call people over and over. This is considered to be rude. The receiving device will record the fact that you called.<br>Alternate alphabets can be added to your phone on a case-by-case basis. This can be costly for us, so we may request some compensation for this if it is not mission-critical.</p>"
  }
},
{
  "pk": 18, 
  "model": "text.text", 
  "fields": {
    "body": "<h2>The TTA Ruling Council</h2><p>Dummy text! Yay!</p>"
  }
},
{
  "pk": 19, 
  "model": "text.text", 
  "fields": {
    "body": "<h2>The TTA Ruling Council</h2><p>Dummy text! Yay!</p>"
  }
},
{
  "pk": 20, 
  "model": "text.text", 
  "fields": {
    "body": "<h2>Traveling policy</h2><p>Be prepared.<br>Avoid interference.</p>"
  }
},
{
  "pk": 21, 
  "model": "text.text", 
  "fields": {
    "body": "<h2>Traveling policy</h2><p>Be prepared.<br>Avoid interference.</p>"
  }
},
{
  "pk": 22, 
  "model": "text.text", 
  "fields": {
    "body": "<h2>Trade policy</h2><p>Every vendor reserves the right to set prices, require specific currencies, and reject offers as they please.</p>"
  }
},
{
  "pk": 23, 
  "model": "text.text", 
  "fields": {
    "body": "<h2>Trade policy</h2><p>Every vendor reserves the right to set prices, require specific currencies, and reject offers as they please.</p>"
  }
},
{
  "pk": 24, 
  "model": "text.text", 
  "fields": {
    "body": "<h2>Blocked universes</h2><p>Please note that this page is not about TTA policy. These are universes that travelers simply cannot reach.</p><h3>Works with sovereign deities</h3><p>Narnia<br>The complete works of Tolkien</p><h3>Works with incompatible multiverses</h3><p>Heinlein\u2019s The Number of the Beast<br>Anything from the \u201cMary Sue Hunter\u201d genre, e.g. Protectors of the Plot Continuum<br>Ariadne and the Science</p><h3>Not fiction</h3><p>It should also be noted that the following \"universes\" cannot be reached because they do not exist:</p><p>Religious works and belief systems<br>Artwork without words<br>Anything not consciously created</p>"
  }
},
{
  "pk": 25, 
  "model": "text.text", 
  "fields": {
    "body": "<h2>Forbidden universes</h2><p>The following universes are off-limits to TTA members:</p><p>Star Wars (Force poisoning)<br>The Big Bang Theory</p>"
  }
},
{
  "pk": 26, 
  "model": "text.text", 
  "fields": {
    "body": "<h2>Forbidden universes</h2><p>The following universes are off-limits to TTA members:</p><p>Star Wars (Force poisoning)<br>The Big Bang Theory</p>"
  }
},
{
  "pk": 27, 
  "model": "text.text", 
  "fields": {
    "body": "<h2>Bug report form</h2><p>This could get tricky. I want a form here, not a CMS page. I can probably override this in the default URLconf.</p>"
  }
},
{
  "pk": 28, 
  "model": "text.text", 
  "fields": {
    "body": "<h2>Bug report form</h2><p>This could get tricky. I want a form here, not a CMS page. I can probably override this in the default URLconf.</p>"
  }
},
{
  "pk": 29, 
  "model": "text.text", 
  "fields": {
    "body": "<h2>Copyright and licensing information</h2><p>Dummy text! Yay!</p>"
  }
},
{
  "pk": 30, 
  "model": "text.text", 
  "fields": {
    "body": "<h2>Copyright and licensing information</h2><p>Dummy text! Yay!</p>"
  }
},
{
  "pk": 35, 
  "model": "text.text", 
  "fields": {
    "body": "<h2>Web community rules</h2><h3>Profiles</h3><p>You are required to use your real name in your user profile. You may set the \"private\" flag to allow only TTA web staff and the Council to see your location, contact number and membership start date.</p><h3>Forum rules</h3><p>Be nice.</p>"
  }
},
{
  "pk": 37, 
  "model": "text.text", 
  "fields": {
    "body": "<h2>Welcome to the TTA</h2><p>According to something I Googled, a good front page needs to clearly show who I am, what I do, and what the visitor can do here. It should also have \"calls to action\", like \"Learn more\".</p><p>I'm not messing with styling right now, but when it comes to that, I can access the HTML from within this plugin to add classes and ids and such.</p><h3>Browse the archive</h3><p>We have all the information you need.</p><h3>Learn more about TTA policy</h3><p>We want to make sure our expectations are perfectly clear, so we make them fully available to all TTA members.</p><h3>Connect</h3><p>Meet other TTA members, browse upcoming events and discuss important matters.</p>"
  }
},
{
  "pk": 39, 
  "model": "text.text", 
  "fields": {
    "body": "<p>This is the home page sidebar that Help, Bug report, and Copyright will inherit.</p>"
  }
},
{
  "pk": 42, 
  "model": "text.text", 
  "fields": {
    "body": "<h2>How the Interpreter works</h2><p>Each universe inherits \"natural laws\" from its parent and modifies them as the plot demands.</p><p>Anything not explicitly indicated by the story can be shaped by the Interpreter in any way it deems necessary to bring about the characters and events explicitly indicated by the story.</p>"
  }
},
{
  "pk": 43, 
  "model": "text.text", 
  "fields": {
    "body": "<h2>Web community rules</h2><h3>Profiles</h3><p>You are required to use your real name in your user profile. You may set the \"private\" flag to allow only TTA web staff and the Council to see your location, contact number and membership start date.</p><h3>Forum rules</h3><p>Be nice.</p>"
  }
},
{
  "pk": 44, 
  "model": "text.text", 
  "fields": {
    "body": "<h2>TTA phone information</h2><h3>History</h3><p>This hasn't been decided yet.</p><h3>How it works</h3><p>Our phones are based on guaranteed-functionality long-range communication devices with thought-sense. The numbers are mostly a formality. We require you to use them so that your call is guaranteed to go where it\u2019s supposed to go.</p><p>Here is where I will put the instruction manual file.</p><h3>Policy</h3><p>Do not call people over and over. This is considered to be rude. The receiving device will record the fact that you called.<br>Alternate alphabets can be added to your phone on a case-by-case basis. This can be costly for us, so we may request some compensation for this if it is not mission-critical.</p>"
  }
},
{
  "pk": 45, 
  "model": "text.text", 
  "fields": {
    "body": "<h2>Welcome to the TTA</h2><p>According to something I Googled, a good front page needs to clearly show who I am, what I do, and what the visitor can do here. It should also have \"calls to action\", like \"Learn more\".</p><p>I'm not messing with styling right now, but when it comes to that, I can access the HTML from within this plugin to add classes and ids and such.</p><h3>Browse the archive</h3><p>We have all the information you need.</p><h3>Learn more about TTA policy</h3><p>We want to make sure our expectations are perfectly clear, so we make them fully available to all TTA members.</p><h3>Connect</h3><p>Meet other TTA members, browse upcoming events and discuss important matters.</p>"
  }
},
{
  "pk": 46, 
  "model": "text.text", 
  "fields": {
    "body": "<p>This is the home page sidebar that Help, Bug report, and Copyright will inherit.</p>"
  }
},
{
  "pk": 47, 
  "model": "text.text", 
  "fields": {
    "body": "<p>This is the archive sidebar plugin. I may want to create a custom plugin for a featured article to go here.</p>"
  }
},
{
  "pk": 51, 
  "model": "text.text", 
  "fields": {
    "body": "<p>This is the archive sidebar plugin. I may want to create a custom plugin for a featured article to go here.</p>"
  }
},
{
  "pk": 1, 
  "model": "archive.universe", 
  "fields": {
    "medium": "Book", 
    "time_difference": "0 (reference point)", 
    "description": "Story and parent universe unknown.", 
    "parent": null, 
    "title": "Zhera's home world"
  }
},
{
  "pk": 2, 
  "model": "archive.universe", 
  "fields": {
    "medium": "Book", 
    "time_difference": "0", 
    "description": "Story and parent universe unknown; probably shares a parent with Zhera's home world. Branch point from Zhera's home world is probably in 1998.", 
    "parent": null, 
    "title": "Karen's home world"
  }
},
{
  "pk": 3, 
  "model": "archive.universe", 
  "fields": {
    "medium": "Live-action", 
    "time_difference": "0", 
    "description": "American adaptation of the Japanese \"Super Sentai\".", 
    "parent": 1, 
    "title": "Power Rangers"
  }
},
{
  "pk": 4, 
  "model": "archive.universe", 
  "fields": {
    "medium": "Live-action", 
    "time_difference": "0", 
    "description": "Alternate form of Power Rangers, branch point prior to 2003.", 
    "parent": 2, 
    "title": "Hexagon"
  }
},
{
  "pk": 5, 
  "model": "archive.universe", 
  "fields": {
    "medium": "Book", 
    "time_difference": "unknown", 
    "description": "The form of the Tolkienverse that comes from universes where the Silmarillion and other posthumous works were never published. Called \"boxed\" because it consists of only the Hobbit and the trilogy, which are often sold as a boxed set.", 
    "parent": null, 
    "title": "Tolkienverse (boxed)"
  }
},
{
  "pk": 6, 
  "model": "archive.universe", 
  "fields": {
    "medium": "Live-action", 
    "time_difference": "unknown", 
    "description": "The Lord of the Rings and Hobbit films from universes where they were all directed by Peter Jackson.", 
    "parent": 1, 
    "title": "Tolkienverse (Jackson films)"
  }
},
{
  "pk": 7, 
  "model": "archive.universe", 
  "fields": {
    "medium": "Book", 
    "time_difference": "unknown", 
    "description": "It has been hypothesized that wizards can be found among all sentient species, as Hogwarts owls have managed to get across universes to reach non-humans. However, negotiations with the Ministry of Magic have stalled, and as it stands, travelers from other universes are forbidden to enter this universe unless it pertains to those negotiations, even to attend Hogwarts.", 
    "parent": 1, 
    "title": "Harry Potter"
  }
},
{
  "pk": 8, 
  "model": "archive.universe", 
  "fields": {
    "medium": "Live-action", 
    "time_difference": "unknown", 
    "description": "Highly volatile. TTA members are forbidden from entering this universe without a majority vote from the Council.", 
    "parent": 1, 
    "title": "Whoniverse"
  }
},
{
  "pk": 9, 
  "model": "archive.universe", 
  "fields": {
    "medium": "Book", 
    "time_difference": "unknown", 
    "description": "Magic is programming and the universe runs Linux.\r\nHas an undetermined number of not-deities, called the Powers that Be, who regulate the use of magic.", 
    "parent": 1, 
    "title": "Young Wizards"
  }
},
{
  "pk": 10, 
  "model": "archive.universe", 
  "fields": {
    "medium": "Book", 
    "time_difference": "-6.4 hours", 
    "description": "Once upon a time, one dark hero gathered ten other remarkable people, and together they saved the world. The hero sacrificed himself in the task, but the others live on. Also, the sun passes through the earth once a month.\r\n\r\nThe main character Meros guards this world. He is an extraordinarily powerful telepath, and he will always be aware of travelers coming in. He has requested that no travelers come in at this time, and that all traffic go through him if at all possible.", 
    "parent": 1, 
    "title": "Alturon"
  }
},
{
  "pk": 11, 
  "model": "archive.universe", 
  "fields": {
    "medium": "Book", 
    "time_difference": "+10.7 hours", 
    "description": "Once upon a time, a Ragtag Bunch of Misfits managed to Wake Up, Go To School, Save The World from an Alien Invasion. Now, one is dead, one is depressed, one is a depressed bird, one is super busy, and the last is rich and famous. Guess which one Zhera tends to ask favors of.\r\n\r\nBranch point is 1997 or earlier. Probably earlier.", 
    "parent": 1, 
    "title": "Animorphs"
  }
},
{
  "pk": 12, 
  "model": "archive.universe", 
  "fields": {
    "medium": "Animation", 
    "time_difference": "Variable", 
    "description": "Full title: \"My Little Pony: Friendship is Magic\", the fourth generation of the MLP franchise.\r\n\r\nPlease note that travelers will take the forms of native creatures upon entering this universe. Humans will become ponies, while other sentient beings may become ponies or other creatures; the mapping has not been fully discovered.", 
    "parent": 1, 
    "title": "FiM"
  }
},
{
  "pk": 13, 
  "model": "archive.universe", 
  "fields": {
    "medium": "Game", 
    "time_difference": "Variable", 
    "description": "Don't. Just don't.", 
    "parent": 1, 
    "title": "Homestuck"
  }
},
{
  "pk": 14, 
  "model": "archive.universe", 
  "fields": {
    "medium": "Live-action", 
    "time_difference": "Unknown", 
    "description": "Has a character named Zhera for which the TTA member was named.", 
    "parent": 1, 
    "title": "Space Quest (working name)"
  }
},
{
  "pk": 15, 
  "model": "archive.universe", 
  "fields": {
    "medium": "Live-action", 
    "time_difference": "Unknown", 
    "description": "Use extreme caution. Many-worlds-model multiverse; this article concerns the main universe that the story documents.", 
    "parent": 1, 
    "title": "Stargate"
  }
},
{
  "pk": 16, 
  "model": "archive.universe", 
  "fields": {
    "medium": "Game", 
    "time_difference": "Variable", 
    "description": "Zhera was here and found some kind of intelligent weapon. Maybe.", 
    "parent": 1, 
    "title": "Unnamed TRPG"
  }
},
{
  "pk": 17, 
  "model": "archive.universe", 
  "fields": {
    "medium": "Book", 
    "time_difference": "0", 
    "description": "Not much happens around here. It can be a good place to hide out.", 
    "parent": 1, 
    "title": "Twilight saga"
  }
},
{
  "pk": 18, 
  "model": "archive.universe", 
  "fields": {
    "medium": "Game", 
    "time_difference": "Variable", 
    "description": "Persistent.", 
    "parent": 1, 
    "title": "Pokemon"
  }
},
{
  "pk": 19, 
  "model": "archive.universe", 
  "fields": {
    "medium": "Book", 
    "time_difference": "Variable", 
    "description": "Sabriel et al.", 
    "parent": 1, 
    "title": "The Old Kingdom"
  }
},
{
  "pk": 1, 
  "model": "archive.character", 
  "fields": {
    "home": 1, 
    "description": "Founder of the TTA.", 
    "name": "Zhera", 
    "language": "English", 
    "species": "Human"
  }
},
{
  "pk": 2, 
  "model": "archive.character", 
  "fields": {
    "home": 7, 
    "description": "Nothing has been decided about this character yet.", 
    "name": "Unnamed MoM person", 
    "language": "English", 
    "species": "Human"
  }
},
{
  "pk": 3, 
  "model": "archive.character", 
  "fields": {
    "home": 9, 
    "description": "Senior wizards for their region. May or may not be a couple.", 
    "name": "Tom and Carl", 
    "language": "English", 
    "species": "Human"
  }
},
{
  "pk": 4, 
  "model": "archive.character", 
  "fields": {
    "home": 10, 
    "description": "A man of many talents. Short, with white anime hair. And a veil. And really bizarre clothing.", 
    "name": "Meros", 
    "language": "English", 
    "species": "Human"
  }
},
{
  "pk": 5, 
  "model": "archive.character", 
  "fields": {
    "home": 11, 
    "description": "Surname withheld. Lives fabulously in California after having helped save the world.", 
    "name": "Marco", 
    "language": "English", 
    "species": "Human"
  }
},
{
  "pk": 6, 
  "model": "archive.character", 
  "fields": {
    "home": 11, 
    "description": "Something something Ellimist, Crayak, Drode.", 
    "name": "Arch-duals", 
    "language": "Unknown", 
    "species": "Super-sapient"
  }
},
{
  "pk": 7, 
  "model": "archive.character", 
  "fields": {
    "home": 12, 
    "description": "Celestia and Luna; more to follow.", 
    "name": "Diarchs", 
    "language": "English", 
    "species": "Alicorn"
  }
},
{
  "pk": 8, 
  "model": "archive.character", 
  "fields": {
    "home": 12, 
    "description": "Also known as \"the mane six\"; more to follow.", 
    "name": "Elements", 
    "language": "English", 
    "species": "Ponies"
  }
},
{
  "pk": 9, 
  "model": "archive.character", 
  "fields": {
    "home": 12, 
    "description": "Derpy Hooves. More reliable than she seems.", 
    "name": "DH", 
    "language": "English", 
    "species": "Pegasus"
  }
},
{
  "pk": 10, 
  "model": "archive.character", 
  "fields": {
    "home": 14, 
    "description": "Under construction.", 
    "name": "Rayel", 
    "language": "English", 
    "species": "Unnamed dragonborn-like species"
  }
},
{
  "pk": 11, 
  "model": "archive.character", 
  "fields": {
    "home": 17, 
    "description": "All-around nice guy, and a doctor to boot. Has arranged asylum for multiple refugees; provides lodging to travelers under emergency conditions.", 
    "name": "Carlisle Cullen", 
    "language": "English", 
    "species": "Vampire"
  }
},
{
  "pk": 12, 
  "model": "archive.character", 
  "fields": {
    "home": 2, 
    "description": "Uptight, intolerant, and somewhat ambitious. Cares much more for her appearance than Zhera does.", 
    "name": "Karen", 
    "language": "English", 
    "species": "Human"
  }
},
{
  "pk": 1, 
  "model": "archive.contactperson", 
  "fields": {
    "universe": 1, 
    "contact_number": 11111, 
    "character": 1, 
    "lodging": false
  }
},
{
  "pk": 2, 
  "model": "archive.contactperson", 
  "fields": {
    "universe": 7, 
    "contact_number": 70000, 
    "character": 2, 
    "lodging": false
  }
},
{
  "pk": 3, 
  "model": "archive.contactperson", 
  "fields": {
    "universe": 9, 
    "contact_number": 11112, 
    "character": 3, 
    "lodging": true
  }
},
{
  "pk": 4, 
  "model": "archive.contactperson", 
  "fields": {
    "universe": 10, 
    "contact_number": 11111, 
    "character": 4, 
    "lodging": false
  }
},
{
  "pk": 5, 
  "model": "archive.contactperson", 
  "fields": {
    "universe": 11, 
    "contact_number": 90210, 
    "character": 5, 
    "lodging": true
  }
},
{
  "pk": 6, 
  "model": "archive.contactperson", 
  "fields": {
    "universe": 12, 
    "contact_number": 33779, 
    "character": 9, 
    "lodging": true
  }
},
{
  "pk": 7, 
  "model": "archive.contactperson", 
  "fields": {
    "universe": 17, 
    "contact_number": 11113, 
    "character": 11, 
    "lodging": true
  }
},
{
  "pk": 1, 
  "model": "archive.artifact", 
  "fields": {
    "universe": 1, 
    "name": "TTA phone", 
    "description": "Collaborative technological effort to provide phone-like communication across universes.\r\n\r\nUtilizes the following elements:\r\n--The innards of a plot-magicked long-range communications device, such as a Star Trek communicator\r\n--An unlimited power source, if not found in the communications device\r\n--A recycled smartphone chassis, screen and other necessary parts to get the whole thing working"
  }
},
{
  "pk": 2, 
  "model": "archive.artifact", 
  "fields": {
    "universe": 3, 
    "name": "Zeo Crystal", 
    "description": "The source of the Zeo Rangers' powers. The story did not indicate what happened to it after the Rangers shifted to Turbo powers. Zhera eventually tracked it down and used it to power her appliances."
  }
},
{
  "pk": 3, 
  "model": "archive.artifact", 
  "fields": {
    "universe": 4, 
    "name": "Unnamed traveling technology", 
    "description": "Developed by Hexagon and used by Jim."
  }
},
{
  "pk": 4, 
  "model": "archive.artifact", 
  "fields": {
    "universe": 8, 
    "name": "Timey Wimey Ball", 
    "description": "To be written..."
  }
},
{
  "pk": 5, 
  "model": "archive.artifact", 
  "fields": {
    "universe": 11, 
    "name": "Escafil device", 
    "description": "It's blue. If you touch it, it makes your hand go all tingly."
  }
},
{
  "pk": 6, 
  "model": "archive.artifact", 
  "fields": {
    "universe": 15, 
    "name": "Stargate", 
    "description": "Extremely shiny."
  }
},
{
  "pk": 1, 
  "model": "community.event", 
  "fields": {
    "description": "Serious business.", 
    "start_time": "2010-04-06T17:00:00Z", 
    "end_time": "2010-04-07T17:00:00Z", 
    "location": "TTA HQ", 
    "title": "Council meeting"
  }
},
{
  "pk": 2, 
  "model": "community.event", 
  "fields": {
    "description": "Serious business.", 
    "start_time": "2011-04-06T17:00:00Z", 
    "end_time": "2011-04-07T17:00:00Z", 
    "location": "TTA HQ", 
    "title": "Council meeting"
  }
},
{
  "pk": 3, 
  "model": "community.event", 
  "fields": {
    "description": "Serious business.", 
    "start_time": "2012-04-06T17:00:00Z", 
    "end_time": "2012-04-06T17:00:00Z", 
    "location": "TTA HQ", 
    "title": "Council meeting"
  }
},
{
  "pk": 4, 
  "model": "community.event", 
  "fields": {
    "description": "Serious business.", 
    "start_time": "2013-04-06T17:00:00Z", 
    "end_time": "2013-04-07T17:00:00Z", 
    "location": "TTA HQ", 
    "title": "Council meeting"
  }
},
{
  "pk": 5, 
  "model": "community.event", 
  "fields": {
    "description": "Serious business.", 
    "start_time": "2014-04-06T17:00:00Z", 
    "end_time": "2014-04-07T17:00:00Z", 
    "location": "TTA HQ", 
    "title": "Council meeting"
  }
},
{
  "pk": 6, 
  "model": "community.event", 
  "fields": {
    "description": "Serious business.", 
    "start_time": "2015-04-06T17:00:00Z", 
    "end_time": "2015-04-07T17:00:00Z", 
    "location": "TTA HQ", 
    "title": "Council meeting"
  }
},
{
  "pk": 7, 
  "model": "community.event", 
  "fields": {
    "description": "Learn how to get around without interference.", 
    "start_time": "2014-01-11T16:00:00Z", 
    "end_time": "2014-01-11T23:00:00Z", 
    "location": "TTA HQ", 
    "title": "Stealth workshop"
  }
},
{
  "pk": 8, 
  "model": "community.event", 
  "fields": {
    "description": "Learn how to get around without interference.", 
    "start_time": "2014-03-15T15:00:00Z", 
    "end_time": "2014-03-15T22:00:00Z", 
    "location": "TTA HQ", 
    "title": "Stealth workshop"
  }
},
{
  "pk": 49, 
  "model": "community.eventpluginmodel", 
  "fields": {
    "num_to_show": 3
  }
},
{
  "pk": 50, 
  "model": "community.eventpluginmodel", 
  "fields": {
    "num_to_show": 3
  }
},
{
  "pk": 1, 
  "model": "auth.permission", 
  "fields": {
    "codename": "add_permission", 
    "name": "Can add permission", 
    "content_type": 1
  }
},
{
  "pk": 2, 
  "model": "auth.permission", 
  "fields": {
    "codename": "change_permission", 
    "name": "Can change permission", 
    "content_type": 1
  }
},
{
  "pk": 3, 
  "model": "auth.permission", 
  "fields": {
    "codename": "delete_permission", 
    "name": "Can delete permission", 
    "content_type": 1
  }
},
{
  "pk": 4, 
  "model": "auth.permission", 
  "fields": {
    "codename": "add_group", 
    "name": "Can add group", 
    "content_type": 2
  }
},
{
  "pk": 5, 
  "model": "auth.permission", 
  "fields": {
    "codename": "change_group", 
    "name": "Can change group", 
    "content_type": 2
  }
},
{
  "pk": 6, 
  "model": "auth.permission", 
  "fields": {
    "codename": "delete_group", 
    "name": "Can delete group", 
    "content_type": 2
  }
},
{
  "pk": 7, 
  "model": "auth.permission", 
  "fields": {
    "codename": "add_user", 
    "name": "Can add user", 
    "content_type": 3
  }
},
{
  "pk": 8, 
  "model": "auth.permission", 
  "fields": {
    "codename": "change_user", 
    "name": "Can change user", 
    "content_type": 3
  }
},
{
  "pk": 9, 
  "model": "auth.permission", 
  "fields": {
    "codename": "delete_user", 
    "name": "Can delete user", 
    "content_type": 3
  }
},
{
  "pk": 10, 
  "model": "auth.permission", 
  "fields": {
    "codename": "add_contenttype", 
    "name": "Can add content type", 
    "content_type": 4
  }
},
{
  "pk": 11, 
  "model": "auth.permission", 
  "fields": {
    "codename": "change_contenttype", 
    "name": "Can change content type", 
    "content_type": 4
  }
},
{
  "pk": 12, 
  "model": "auth.permission", 
  "fields": {
    "codename": "delete_contenttype", 
    "name": "Can delete content type", 
    "content_type": 4
  }
},
{
  "pk": 13, 
  "model": "auth.permission", 
  "fields": {
    "codename": "add_session", 
    "name": "Can add session", 
    "content_type": 5
  }
},
{
  "pk": 14, 
  "model": "auth.permission", 
  "fields": {
    "codename": "change_session", 
    "name": "Can change session", 
    "content_type": 5
  }
},
{
  "pk": 15, 
  "model": "auth.permission", 
  "fields": {
    "codename": "delete_session", 
    "name": "Can delete session", 
    "content_type": 5
  }
},
{
  "pk": 16, 
  "model": "auth.permission", 
  "fields": {
    "codename": "add_site", 
    "name": "Can add site", 
    "content_type": 6
  }
},
{
  "pk": 17, 
  "model": "auth.permission", 
  "fields": {
    "codename": "change_site", 
    "name": "Can change site", 
    "content_type": 6
  }
},
{
  "pk": 18, 
  "model": "auth.permission", 
  "fields": {
    "codename": "delete_site", 
    "name": "Can delete site", 
    "content_type": 6
  }
},
{
  "pk": 19, 
  "model": "auth.permission", 
  "fields": {
    "codename": "add_logentry", 
    "name": "Can add log entry", 
    "content_type": 7
  }
},
{
  "pk": 20, 
  "model": "auth.permission", 
  "fields": {
    "codename": "change_logentry", 
    "name": "Can change log entry", 
    "content_type": 7
  }
},
{
  "pk": 21, 
  "model": "auth.permission", 
  "fields": {
    "codename": "delete_logentry", 
    "name": "Can delete log entry", 
    "content_type": 7
  }
},
{
  "pk": 22, 
  "model": "auth.permission", 
  "fields": {
    "codename": "add_migrationhistory", 
    "name": "Can add migration history", 
    "content_type": 8
  }
},
{
  "pk": 23, 
  "model": "auth.permission", 
  "fields": {
    "codename": "change_migrationhistory", 
    "name": "Can change migration history", 
    "content_type": 8
  }
},
{
  "pk": 24, 
  "model": "auth.permission", 
  "fields": {
    "codename": "delete_migrationhistory", 
    "name": "Can delete migration history", 
    "content_type": 8
  }
},
{
  "pk": 25, 
  "model": "auth.permission", 
  "fields": {
    "codename": "add_universe", 
    "name": "Can add universe", 
    "content_type": 9
  }
},
{
  "pk": 26, 
  "model": "auth.permission", 
  "fields": {
    "codename": "change_universe", 
    "name": "Can change universe", 
    "content_type": 9
  }
},
{
  "pk": 27, 
  "model": "auth.permission", 
  "fields": {
    "codename": "delete_universe", 
    "name": "Can delete universe", 
    "content_type": 9
  }
},
{
  "pk": 28, 
  "model": "auth.permission", 
  "fields": {
    "codename": "add_character", 
    "name": "Can add character", 
    "content_type": 10
  }
},
{
  "pk": 29, 
  "model": "auth.permission", 
  "fields": {
    "codename": "change_character", 
    "name": "Can change character", 
    "content_type": 10
  }
},
{
  "pk": 30, 
  "model": "auth.permission", 
  "fields": {
    "codename": "delete_character", 
    "name": "Can delete character", 
    "content_type": 10
  }
},
{
  "pk": 31, 
  "model": "auth.permission", 
  "fields": {
    "codename": "add_contactperson", 
    "name": "Can add contact person", 
    "content_type": 11
  }
},
{
  "pk": 32, 
  "model": "auth.permission", 
  "fields": {
    "codename": "change_contactperson", 
    "name": "Can change contact person", 
    "content_type": 11
  }
},
{
  "pk": 33, 
  "model": "auth.permission", 
  "fields": {
    "codename": "delete_contactperson", 
    "name": "Can delete contact person", 
    "content_type": 11
  }
},
{
  "pk": 34, 
  "model": "auth.permission", 
  "fields": {
    "codename": "add_artifact", 
    "name": "Can add artifact", 
    "content_type": 12
  }
},
{
  "pk": 35, 
  "model": "auth.permission", 
  "fields": {
    "codename": "change_artifact", 
    "name": "Can change artifact", 
    "content_type": 12
  }
},
{
  "pk": 36, 
  "model": "auth.permission", 
  "fields": {
    "codename": "delete_artifact", 
    "name": "Can delete artifact", 
    "content_type": 12
  }
},
{
  "pk": 37, 
  "model": "auth.permission", 
  "fields": {
    "codename": "add_event", 
    "name": "Can add event", 
    "content_type": 13
  }
},
{
  "pk": 38, 
  "model": "auth.permission", 
  "fields": {
    "codename": "change_event", 
    "name": "Can change event", 
    "content_type": 13
  }
},
{
  "pk": 39, 
  "model": "auth.permission", 
  "fields": {
    "codename": "delete_event", 
    "name": "Can delete event", 
    "content_type": 13
  }
},
{
  "pk": 40, 
  "model": "auth.permission", 
  "fields": {
    "codename": "add_eventpluginmodel", 
    "name": "Can add event plugin model", 
    "content_type": 14
  }
},
{
  "pk": 41, 
  "model": "auth.permission", 
  "fields": {
    "codename": "change_eventpluginmodel", 
    "name": "Can change event plugin model", 
    "content_type": 14
  }
},
{
  "pk": 42, 
  "model": "auth.permission", 
  "fields": {
    "codename": "delete_eventpluginmodel", 
    "name": "Can delete event plugin model", 
    "content_type": 14
  }
},
{
  "pk": 43, 
  "model": "auth.permission", 
  "fields": {
    "codename": "add_placeholder", 
    "name": "Can add placeholder", 
    "content_type": 15
  }
},
{
  "pk": 44, 
  "model": "auth.permission", 
  "fields": {
    "codename": "change_placeholder", 
    "name": "Can change placeholder", 
    "content_type": 15
  }
},
{
  "pk": 45, 
  "model": "auth.permission", 
  "fields": {
    "codename": "delete_placeholder", 
    "name": "Can delete placeholder", 
    "content_type": 15
  }
},
{
  "pk": 46, 
  "model": "auth.permission", 
  "fields": {
    "codename": "add_cmsplugin", 
    "name": "Can add cms plugin", 
    "content_type": 16
  }
},
{
  "pk": 47, 
  "model": "auth.permission", 
  "fields": {
    "codename": "change_cmsplugin", 
    "name": "Can change cms plugin", 
    "content_type": 16
  }
},
{
  "pk": 48, 
  "model": "auth.permission", 
  "fields": {
    "codename": "delete_cmsplugin", 
    "name": "Can delete cms plugin", 
    "content_type": 16
  }
},
{
  "pk": 49, 
  "model": "auth.permission", 
  "fields": {
    "codename": "add_page", 
    "name": "Can add page", 
    "content_type": 17
  }
},
{
  "pk": 50, 
  "model": "auth.permission", 
  "fields": {
    "codename": "change_page", 
    "name": "Can change page", 
    "content_type": 17
  }
},
{
  "pk": 51, 
  "model": "auth.permission", 
  "fields": {
    "codename": "delete_page", 
    "name": "Can delete page", 
    "content_type": 17
  }
},
{
  "pk": 52, 
  "model": "auth.permission", 
  "fields": {
    "codename": "view_page", 
    "name": "Can view page", 
    "content_type": 17
  }
},
{
  "pk": 53, 
  "model": "auth.permission", 
  "fields": {
    "codename": "publish_page", 
    "name": "Can publish page", 
    "content_type": 17
  }
},
{
  "pk": 54, 
  "model": "auth.permission", 
  "fields": {
    "codename": "add_pagemoderatorstate", 
    "name": "Can add Page moderator state", 
    "content_type": 18
  }
},
{
  "pk": 55, 
  "model": "auth.permission", 
  "fields": {
    "codename": "change_pagemoderatorstate", 
    "name": "Can change Page moderator state", 
    "content_type": 18
  }
},
{
  "pk": 56, 
  "model": "auth.permission", 
  "fields": {
    "codename": "delete_pagemoderatorstate", 
    "name": "Can delete Page moderator state", 
    "content_type": 18
  }
},
{
  "pk": 57, 
  "model": "auth.permission", 
  "fields": {
    "codename": "add_globalpagepermission", 
    "name": "Can add Page global permission", 
    "content_type": 19
  }
},
{
  "pk": 58, 
  "model": "auth.permission", 
  "fields": {
    "codename": "change_globalpagepermission", 
    "name": "Can change Page global permission", 
    "content_type": 19
  }
},
{
  "pk": 59, 
  "model": "auth.permission", 
  "fields": {
    "codename": "delete_globalpagepermission", 
    "name": "Can delete Page global permission", 
    "content_type": 19
  }
},
{
  "pk": 60, 
  "model": "auth.permission", 
  "fields": {
    "codename": "add_pagepermission", 
    "name": "Can add Page permission", 
    "content_type": 20
  }
},
{
  "pk": 61, 
  "model": "auth.permission", 
  "fields": {
    "codename": "change_pagepermission", 
    "name": "Can change Page permission", 
    "content_type": 20
  }
},
{
  "pk": 62, 
  "model": "auth.permission", 
  "fields": {
    "codename": "delete_pagepermission", 
    "name": "Can delete Page permission", 
    "content_type": 20
  }
},
{
  "pk": 63, 
  "model": "auth.permission", 
  "fields": {
    "codename": "add_pageuser", 
    "name": "Can add User (page)", 
    "content_type": 21
  }
},
{
  "pk": 64, 
  "model": "auth.permission", 
  "fields": {
    "codename": "change_pageuser", 
    "name": "Can change User (page)", 
    "content_type": 21
  }
},
{
  "pk": 65, 
  "model": "auth.permission", 
  "fields": {
    "codename": "delete_pageuser", 
    "name": "Can delete User (page)", 
    "content_type": 21
  }
},
{
  "pk": 66, 
  "model": "auth.permission", 
  "fields": {
    "codename": "add_pageusergroup", 
    "name": "Can add User group (page)", 
    "content_type": 22
  }
},
{
  "pk": 67, 
  "model": "auth.permission", 
  "fields": {
    "codename": "change_pageusergroup", 
    "name": "Can change User group (page)", 
    "content_type": 22
  }
},
{
  "pk": 68, 
  "model": "auth.permission", 
  "fields": {
    "codename": "delete_pageusergroup", 
    "name": "Can delete User group (page)", 
    "content_type": 22
  }
},
{
  "pk": 69, 
  "model": "auth.permission", 
  "fields": {
    "codename": "add_title", 
    "name": "Can add title", 
    "content_type": 23
  }
},
{
  "pk": 70, 
  "model": "auth.permission", 
  "fields": {
    "codename": "change_title", 
    "name": "Can change title", 
    "content_type": 23
  }
},
{
  "pk": 71, 
  "model": "auth.permission", 
  "fields": {
    "codename": "delete_title", 
    "name": "Can delete title", 
    "content_type": 23
  }
},
{
  "pk": 72, 
  "model": "auth.permission", 
  "fields": {
    "codename": "add_cachekey", 
    "name": "Can add cache key", 
    "content_type": 24
  }
},
{
  "pk": 73, 
  "model": "auth.permission", 
  "fields": {
    "codename": "change_cachekey", 
    "name": "Can change cache key", 
    "content_type": 24
  }
},
{
  "pk": 74, 
  "model": "auth.permission", 
  "fields": {
    "codename": "delete_cachekey", 
    "name": "Can delete cache key", 
    "content_type": 24
  }
},
{
  "pk": 75, 
  "model": "auth.permission", 
  "fields": {
    "codename": "add_file", 
    "name": "Can add file", 
    "content_type": 25
  }
},
{
  "pk": 76, 
  "model": "auth.permission", 
  "fields": {
    "codename": "change_file", 
    "name": "Can change file", 
    "content_type": 25
  }
},
{
  "pk": 77, 
  "model": "auth.permission", 
  "fields": {
    "codename": "delete_file", 
    "name": "Can delete file", 
    "content_type": 25
  }
},
{
  "pk": 78, 
  "model": "auth.permission", 
  "fields": {
    "codename": "add_link", 
    "name": "Can add link", 
    "content_type": 26
  }
},
{
  "pk": 79, 
  "model": "auth.permission", 
  "fields": {
    "codename": "change_link", 
    "name": "Can change link", 
    "content_type": 26
  }
},
{
  "pk": 80, 
  "model": "auth.permission", 
  "fields": {
    "codename": "delete_link", 
    "name": "Can delete link", 
    "content_type": 26
  }
},
{
  "pk": 81, 
  "model": "auth.permission", 
  "fields": {
    "codename": "add_picture", 
    "name": "Can add picture", 
    "content_type": 27
  }
},
{
  "pk": 82, 
  "model": "auth.permission", 
  "fields": {
    "codename": "change_picture", 
    "name": "Can change picture", 
    "content_type": 27
  }
},
{
  "pk": 83, 
  "model": "auth.permission", 
  "fields": {
    "codename": "delete_picture", 
    "name": "Can delete picture", 
    "content_type": 27
  }
},
{
  "pk": 84, 
  "model": "auth.permission", 
  "fields": {
    "codename": "add_text", 
    "name": "Can add text", 
    "content_type": 28
  }
},
{
  "pk": 85, 
  "model": "auth.permission", 
  "fields": {
    "codename": "change_text", 
    "name": "Can change text", 
    "content_type": 28
  }
},
{
  "pk": 86, 
  "model": "auth.permission", 
  "fields": {
    "codename": "delete_text", 
    "name": "Can delete text", 
    "content_type": 28
  }
},
{
  "pk": 87, 
  "model": "auth.permission", 
  "fields": {
    "codename": "add_teaser", 
    "name": "Can add teaser", 
    "content_type": 29
  }
},
{
  "pk": 88, 
  "model": "auth.permission", 
  "fields": {
    "codename": "change_teaser", 
    "name": "Can change teaser", 
    "content_type": 29
  }
},
{
  "pk": 89, 
  "model": "auth.permission", 
  "fields": {
    "codename": "delete_teaser", 
    "name": "Can delete teaser", 
    "content_type": 29
  }
},
{
  "pk": 90, 
  "model": "auth.permission", 
  "fields": {
    "codename": "add_inheritpageplaceholder", 
    "name": "Can add inherit page placeholder", 
    "content_type": 30
  }
},
{
  "pk": 91, 
  "model": "auth.permission", 
  "fields": {
    "codename": "change_inheritpageplaceholder", 
    "name": "Can change inherit page placeholder", 
    "content_type": 30
  }
},
{
  "pk": 92, 
  "model": "auth.permission", 
  "fields": {
    "codename": "delete_inheritpageplaceholder", 
    "name": "Can delete inherit page placeholder", 
    "content_type": 30
  }
},
{
  "pk": 93, 
  "model": "auth.permission", 
  "fields": {
    "codename": "add_userprofile", 
    "name": "Can add user profile", 
    "content_type": 32
  }
},
{
  "pk": 94, 
  "model": "auth.permission", 
  "fields": {
    "codename": "change_userprofile", 
    "name": "Can change user profile", 
    "content_type": 32
  }
},
{
  "pk": 95, 
  "model": "auth.permission", 
  "fields": {
    "codename": "delete_userprofile", 
    "name": "Can delete user profile", 
    "content_type": 32
  }
},
{
  "pk": 96, 
  "model": "auth.permission", 
  "fields": {
    "codename": "add_staff", 
    "name": "Can add staff", 
    "content_type": 33
  }
},
{
  "pk": 97, 
  "model": "auth.permission", 
  "fields": {
    "codename": "change_staff", 
    "name": "Can change staff", 
    "content_type": 33
  }
},
{
  "pk": 98, 
  "model": "auth.permission", 
  "fields": {
    "codename": "delete_staff", 
    "name": "Can delete staff", 
    "content_type": 33
  }
},
{
  "pk": 99, 
  "model": "auth.permission", 
  "fields": {
    "codename": "add_webmaster", 
    "name": "Can add webmaster", 
    "content_type": 31
  }
},
{
  "pk": 100, 
  "model": "auth.permission", 
  "fields": {
    "codename": "change_webmaster", 
    "name": "Can change webmaster", 
    "content_type": 31
  }
},
{
  "pk": 101, 
  "model": "auth.permission", 
  "fields": {
    "codename": "delete_webmaster", 
    "name": "Can delete webmaster", 
    "content_type": 31
  }
},
{
  "pk": 1, 
  "model": "auth.user", 
  "fields": {
    "username": "admin", 
    "first_name": "Alaina", 
    "last_name": "Troiano", 
    "is_active": true, 
    "is_superuser": true, 
    "is_staff": true, 
    "last_login": "2014-01-25T02:25:16Z", 
    "groups": [], 
    "user_permissions": [], 
    "password": "pbkdf2_sha256$10000$t5j7muKm3E3o$j+kcg3tgISYhDXavKhsnprjTbLWssuXD9pygyLQVrNM=", 
    "email": "", 
    "date_joined": "2014-01-20T14:53:27Z"
  }
},
{
  "pk": 2, 
  "model": "auth.user", 
  "fields": {
    "username": "staffuser", 
    "first_name": "Staff", 
    "last_name": "User", 
    "is_active": true, 
    "is_superuser": false, 
    "is_staff": false, 
    "last_login": "2014-01-25T02:54:05Z", 
    "groups": [], 
    "user_permissions": [], 
    "password": "pbkdf2_sha256$10000$u7IjtptK8kjA$LNFS8scOpAfgaJVzswOzZ58uXAnL8AgRoU/RHYz2vws=", 
    "email": "", 
    "date_joined": "2014-01-25T02:54:05Z"
  }
},
{
  "pk": 3, 
  "model": "auth.user", 
  "fields": {
    "username": "nonstaff", 
    "first_name": "Non", 
    "last_name": "Staff", 
    "is_active": true, 
    "is_superuser": false, 
    "is_staff": false, 
    "last_login": "2014-01-25T02:54:24Z", 
    "groups": [], 
    "user_permissions": [], 
    "password": "pbkdf2_sha256$10000$utf3BiZuG90L$puzhwmyWj4zunNepzZXwrIvALsEbE/5vdYYDGLnv7nk=", 
    "email": "", 
    "date_joined": "2014-01-25T02:54:24Z"
  }
},
{
  "pk": 1, 
  "model": "admin.logentry", 
  "fields": {
    "action_flag": 2, 
    "action_time": "2014-01-21T19:40:47.553Z", 
    "object_repr": "Help", 
    "object_id": "3", 
    "change_message": "No fields changed.", 
    "user": 1, 
    "content_type": 17
  }
},
{
  "pk": 2, 
  "model": "admin.logentry", 
  "fields": {
    "action_flag": 2, 
    "action_time": "2014-01-21T19:41:41.196Z", 
    "object_repr": "Help", 
    "object_id": "3", 
    "change_message": "No fields changed.", 
    "user": 1, 
    "content_type": 17
  }
},
{
  "pk": 3, 
  "model": "admin.logentry", 
  "fields": {
    "action_flag": 2, 
    "action_time": "2014-01-21T20:00:44.548Z", 
    "object_repr": "Home", 
    "object_id": "1", 
    "change_message": "No fields changed.", 
    "user": 1, 
    "content_type": 17
  }
},
{
  "pk": 4, 
  "model": "admin.logentry", 
  "fields": {
    "action_flag": 2, 
    "action_time": "2014-01-21T20:26:35.009Z", 
    "object_repr": "Home", 
    "object_id": "1", 
    "change_message": "No fields changed.", 
    "user": 1, 
    "content_type": 17
  }
},
{
  "pk": 5, 
  "model": "admin.logentry", 
  "fields": {
    "action_flag": 2, 
    "action_time": "2014-01-21T20:27:47.574Z", 
    "object_repr": "Help", 
    "object_id": "3", 
    "change_message": "No fields changed.", 
    "user": 1, 
    "content_type": 17
  }
},
{
  "pk": 6, 
  "model": "admin.logentry", 
  "fields": {
    "action_flag": 2, 
    "action_time": "2014-01-21T20:32:34.911Z", 
    "object_repr": "Help", 
    "object_id": "3", 
    "change_message": "No fields changed.", 
    "user": 1, 
    "content_type": 17
  }
},
{
  "pk": 7, 
  "model": "admin.logentry", 
  "fields": {
    "action_flag": 2, 
    "action_time": "2014-01-21T20:35:29.038Z", 
    "object_repr": "Blocked list", 
    "object_id": "21", 
    "change_message": "No fields changed.", 
    "user": 1, 
    "content_type": 17
  }
},
{
  "pk": 8, 
  "model": "admin.logentry", 
  "fields": {
    "action_flag": 2, 
    "action_time": "2014-01-21T20:38:11.269Z", 
    "object_repr": "Blocked list", 
    "object_id": "21", 
    "change_message": "No fields changed.", 
    "user": 1, 
    "content_type": 17
  }
},
{
  "pk": 9, 
  "model": "admin.logentry", 
  "fields": {
    "action_flag": 2, 
    "action_time": "2014-01-21T20:39:24.356Z", 
    "object_repr": "Blocked list", 
    "object_id": "21", 
    "change_message": "No fields changed.", 
    "user": 1, 
    "content_type": 17
  }
},
{
  "pk": 10, 
  "model": "admin.logentry", 
  "fields": {
    "action_flag": 2, 
    "action_time": "2014-01-21T20:48:59.529Z", 
    "object_repr": "Documents", 
    "object_id": "17", 
    "change_message": "Changed template.", 
    "user": 1, 
    "content_type": 17
  }
},
{
  "pk": 11, 
  "model": "admin.logentry", 
  "fields": {
    "action_flag": 2, 
    "action_time": "2014-01-21T20:52:57.367Z", 
    "object_repr": "Documents", 
    "object_id": "17", 
    "change_message": "No fields changed.", 
    "user": 1, 
    "content_type": 17
  }
},
{
  "pk": 12, 
  "model": "admin.logentry", 
  "fields": {
    "action_flag": 2, 
    "action_time": "2014-01-21T20:54:02.514Z", 
    "object_repr": "Documents", 
    "object_id": "17", 
    "change_message": "No fields changed.", 
    "user": 1, 
    "content_type": 17
  }
},
{
  "pk": 13, 
  "model": "admin.logentry", 
  "fields": {
    "action_flag": 2, 
    "action_time": "2014-01-21T20:57:22.061Z", 
    "object_repr": "Blocked list", 
    "object_id": "21", 
    "change_message": "No fields changed.", 
    "user": 1, 
    "content_type": 17
  }
},
{
  "pk": 14, 
  "model": "admin.logentry", 
  "fields": {
    "action_flag": 2, 
    "action_time": "2014-01-21T21:01:44.578Z", 
    "object_repr": "Interpreter", 
    "object_id": "19", 
    "change_message": "No fields changed.", 
    "user": 1, 
    "content_type": 17
  }
},
{
  "pk": 15, 
  "model": "admin.logentry", 
  "fields": {
    "action_flag": 2, 
    "action_time": "2014-01-21T21:03:09.249Z", 
    "object_repr": "Membership", 
    "object_id": "23", 
    "change_message": "No fields changed.", 
    "user": 1, 
    "content_type": 17
  }
},
{
  "pk": 16, 
  "model": "admin.logentry", 
  "fields": {
    "action_flag": 2, 
    "action_time": "2014-01-21T21:05:02.139Z", 
    "object_repr": "Membership", 
    "object_id": "23", 
    "change_message": "Changed template.", 
    "user": 1, 
    "content_type": 17
  }
},
{
  "pk": 17, 
  "model": "admin.logentry", 
  "fields": {
    "action_flag": 2, 
    "action_time": "2014-01-21T21:13:05.730Z", 
    "object_repr": "Phone", 
    "object_id": "29", 
    "change_message": "No fields changed.", 
    "user": 1, 
    "content_type": 17
  }
},
{
  "pk": 18, 
  "model": "admin.logentry", 
  "fields": {
    "action_flag": 2, 
    "action_time": "2014-01-21T21:14:15.846Z", 
    "object_repr": "Council", 
    "object_id": "31", 
    "change_message": "No fields changed.", 
    "user": 1, 
    "content_type": 17
  }
},
{
  "pk": 19, 
  "model": "admin.logentry", 
  "fields": {
    "action_flag": 2, 
    "action_time": "2014-01-21T21:15:05.025Z", 
    "object_repr": "Travel", 
    "object_id": "25", 
    "change_message": "No fields changed.", 
    "user": 1, 
    "content_type": 17
  }
},
{
  "pk": 20, 
  "model": "admin.logentry", 
  "fields": {
    "action_flag": 2, 
    "action_time": "2014-01-21T21:15:59.299Z", 
    "object_repr": "Trade", 
    "object_id": "27", 
    "change_message": "No fields changed.", 
    "user": 1, 
    "content_type": 17
  }
},
{
  "pk": 21, 
  "model": "admin.logentry", 
  "fields": {
    "action_flag": 2, 
    "action_time": "2014-01-21T21:16:17.241Z", 
    "object_repr": "Trade", 
    "object_id": "27", 
    "change_message": "No fields changed.", 
    "user": 1, 
    "content_type": 17
  }
},
{
  "pk": 22, 
  "model": "admin.logentry", 
  "fields": {
    "action_flag": 1, 
    "action_time": "2014-01-21T21:17:23.422Z", 
    "object_repr": "Space Quest", 
    "object_id": "14", 
    "change_message": "", 
    "user": 1, 
    "content_type": 9
  }
},
{
  "pk": 23, 
  "model": "admin.logentry", 
  "fields": {
    "action_flag": 1, 
    "action_time": "2014-01-21T21:17:55.030Z", 
    "object_repr": "Rayel", 
    "object_id": "10", 
    "change_message": "", 
    "user": 1, 
    "content_type": 10
  }
},
{
  "pk": 24, 
  "model": "admin.logentry", 
  "fields": {
    "action_flag": 2, 
    "action_time": "2014-01-21T21:18:13.655Z", 
    "object_repr": "Diarchs", 
    "object_id": "7", 
    "change_message": "Changed species.", 
    "user": 1, 
    "content_type": 10
  }
},
{
  "pk": 25, 
  "model": "admin.logentry", 
  "fields": {
    "action_flag": 2, 
    "action_time": "2014-01-21T21:18:21.809Z", 
    "object_repr": "DH", 
    "object_id": "9", 
    "change_message": "Changed species.", 
    "user": 1, 
    "content_type": 10
  }
},
{
  "pk": 26, 
  "model": "admin.logentry", 
  "fields": {
    "action_flag": 2, 
    "action_time": "2014-01-21T21:18:34.936Z", 
    "object_repr": "Arch-duals", 
    "object_id": "6", 
    "change_message": "Changed species.", 
    "user": 1, 
    "content_type": 10
  }
},
{
  "pk": 27, 
  "model": "admin.logentry", 
  "fields": {
    "action_flag": 2, 
    "action_time": "2014-01-21T21:18:40.630Z", 
    "object_repr": "Meros", 
    "object_id": "4", 
    "change_message": "No fields changed.", 
    "user": 1, 
    "content_type": 10
  }
},
{
  "pk": 28, 
  "model": "admin.logentry", 
  "fields": {
    "action_flag": 2, 
    "action_time": "2014-01-21T21:18:52.806Z", 
    "object_repr": "Rayel", 
    "object_id": "10", 
    "change_message": "Changed species.", 
    "user": 1, 
    "content_type": 10
  }
},
{
  "pk": 29, 
  "model": "admin.logentry", 
  "fields": {
    "action_flag": 1, 
    "action_time": "2014-01-21T21:20:55.114Z", 
    "object_repr": "Stargate", 
    "object_id": "15", 
    "change_message": "", 
    "user": 1, 
    "content_type": 9
  }
},
{
  "pk": 30, 
  "model": "admin.logentry", 
  "fields": {
    "action_flag": 2, 
    "action_time": "2014-01-21T21:21:12.832Z", 
    "object_repr": "Space Quest (working name)", 
    "object_id": "14", 
    "change_message": "Changed title.", 
    "user": 1, 
    "content_type": 9
  }
},
{
  "pk": 31, 
  "model": "admin.logentry", 
  "fields": {
    "action_flag": 1, 
    "action_time": "2014-01-21T21:22:02.580Z", 
    "object_repr": "Unnamed TRPG", 
    "object_id": "16", 
    "change_message": "", 
    "user": 1, 
    "content_type": 9
  }
},
{
  "pk": 32, 
  "model": "admin.logentry", 
  "fields": {
    "action_flag": 1, 
    "action_time": "2014-01-21T21:22:28.610Z", 
    "object_repr": "Stargate", 
    "object_id": "6", 
    "change_message": "", 
    "user": 1, 
    "content_type": 12
  }
},
{
  "pk": 33, 
  "model": "admin.logentry", 
  "fields": {
    "action_flag": 2, 
    "action_time": "2014-01-21T21:24:02.606Z", 
    "object_repr": "Blocked list", 
    "object_id": "21", 
    "change_message": "No fields changed.", 
    "user": 1, 
    "content_type": 17
  }
},
{
  "pk": 34, 
  "model": "admin.logentry", 
  "fields": {
    "action_flag": 1, 
    "action_time": "2014-01-21T21:25:11.428Z", 
    "object_repr": "Twilight saga", 
    "object_id": "17", 
    "change_message": "", 
    "user": 1, 
    "content_type": 9
  }
},
{
  "pk": 35, 
  "model": "admin.logentry", 
  "fields": {
    "action_flag": 1, 
    "action_time": "2014-01-21T21:26:14.311Z", 
    "object_repr": "Carlisle Cullen", 
    "object_id": "11", 
    "change_message": "", 
    "user": 1, 
    "content_type": 10
  }
},
{
  "pk": 36, 
  "model": "admin.logentry", 
  "fields": {
    "action_flag": 1, 
    "action_time": "2014-01-21T21:30:51.048Z", 
    "object_repr": "Carlisle Cullen", 
    "object_id": "7", 
    "change_message": "", 
    "user": 1, 
    "content_type": 11
  }
},
{
  "pk": 37, 
  "model": "admin.logentry", 
  "fields": {
    "action_flag": 2, 
    "action_time": "2014-01-21T21:31:44.110Z", 
    "object_repr": "Carlisle Cullen", 
    "object_id": "11", 
    "change_message": "Changed description.", 
    "user": 1, 
    "content_type": 10
  }
},
{
  "pk": 38, 
  "model": "admin.logentry", 
  "fields": {
    "action_flag": 2, 
    "action_time": "2014-01-21T21:32:21.088Z", 
    "object_repr": "Blocked list", 
    "object_id": "21", 
    "change_message": "No fields changed.", 
    "user": 1, 
    "content_type": 17
  }
},
{
  "pk": 39, 
  "model": "admin.logentry", 
  "fields": {
    "action_flag": 2, 
    "action_time": "2014-01-21T21:33:16.122Z", 
    "object_repr": "Blocked list", 
    "object_id": "21", 
    "change_message": "Changed title.", 
    "user": 1, 
    "content_type": 17
  }
},
{
  "pk": 40, 
  "model": "admin.logentry", 
  "fields": {
    "action_flag": 1, 
    "action_time": "2014-01-21T21:33:34.539Z", 
    "object_repr": "Forbidden", 
    "object_id": "35", 
    "change_message": "", 
    "user": 1, 
    "content_type": 17
  }
},
{
  "pk": 41, 
  "model": "admin.logentry", 
  "fields": {
    "action_flag": 2, 
    "action_time": "2014-01-21T21:33:58.304Z", 
    "object_repr": "Forbidden", 
    "object_id": "35", 
    "change_message": "Changed title and slug.", 
    "user": 1, 
    "content_type": 17
  }
},
{
  "pk": 42, 
  "model": "admin.logentry", 
  "fields": {
    "action_flag": 2, 
    "action_time": "2014-01-21T21:43:00.883Z", 
    "object_repr": "Bug report", 
    "object_id": "9", 
    "change_message": "No fields changed.", 
    "user": 1, 
    "content_type": 17
  }
},
{
  "pk": 43, 
  "model": "admin.logentry", 
  "fields": {
    "action_flag": 2, 
    "action_time": "2014-01-21T21:43:52.240Z", 
    "object_repr": "Copyright", 
    "object_id": "11", 
    "change_message": "No fields changed.", 
    "user": 1, 
    "content_type": 17
  }
},
{
  "pk": 44, 
  "model": "admin.logentry", 
  "fields": {
    "action_flag": 2, 
    "action_time": "2014-01-21T21:44:40.667Z", 
    "object_repr": "Archive", 
    "object_id": "13", 
    "change_message": "No fields changed.", 
    "user": 1, 
    "content_type": 17
  }
},
{
  "pk": 45, 
  "model": "admin.logentry", 
  "fields": {
    "action_flag": 2, 
    "action_time": "2014-01-21T21:45:24.453Z", 
    "object_repr": "Community", 
    "object_id": "15", 
    "change_message": "No fields changed.", 
    "user": 1, 
    "content_type": 17
  }
},
{
  "pk": 46, 
  "model": "admin.logentry", 
  "fields": {
    "action_flag": 2, 
    "action_time": "2014-01-21T21:45:55.060Z", 
    "object_repr": "Rules", 
    "object_id": "33", 
    "change_message": "No fields changed.", 
    "user": 1, 
    "content_type": 17
  }
},
{
  "pk": 47, 
  "model": "admin.logentry", 
  "fields": {
    "action_flag": 2, 
    "action_time": "2014-01-21T21:51:25.235Z", 
    "object_repr": "Archive", 
    "object_id": "13", 
    "change_message": "No fields changed.", 
    "user": 1, 
    "content_type": 17
  }
},
{
  "pk": 48, 
  "model": "admin.logentry", 
  "fields": {
    "action_flag": 2, 
    "action_time": "2014-01-21T21:55:12.813Z", 
    "object_repr": "Home", 
    "object_id": "1", 
    "change_message": "No fields changed.", 
    "user": 1, 
    "content_type": 17
  }
},
{
  "pk": 49, 
  "model": "admin.logentry", 
  "fields": {
    "action_flag": 2, 
    "action_time": "2014-01-21T21:55:32.993Z", 
    "object_repr": "Home", 
    "object_id": "1", 
    "change_message": "Changed template.", 
    "user": 1, 
    "content_type": 17
  }
},
{
  "pk": 50, 
  "model": "admin.logentry", 
  "fields": {
    "action_flag": 2, 
    "action_time": "2014-01-21T22:00:48.422Z", 
    "object_repr": "Home", 
    "object_id": "1", 
    "change_message": "No fields changed.", 
    "user": 1, 
    "content_type": 17
  }
},
{
  "pk": 51, 
  "model": "admin.logentry", 
  "fields": {
    "action_flag": 2, 
    "action_time": "2014-01-21T22:34:29.416Z", 
    "object_repr": "Interpreter", 
    "object_id": "19", 
    "change_message": "No fields changed.", 
    "user": 1, 
    "content_type": 17
  }
},
{
  "pk": 52, 
  "model": "admin.logentry", 
  "fields": {
    "action_flag": 1, 
    "action_time": "2014-01-21T22:41:20.280Z", 
    "object_repr": "Council meeting", 
    "object_id": "1", 
    "change_message": "", 
    "user": 1, 
    "content_type": 13
  }
},
{
  "pk": 53, 
  "model": "admin.logentry", 
  "fields": {
    "action_flag": 1, 
    "action_time": "2014-01-21T22:41:57.449Z", 
    "object_repr": "Council meeting", 
    "object_id": "2", 
    "change_message": "", 
    "user": 1, 
    "content_type": 13
  }
},
{
  "pk": 54, 
  "model": "admin.logentry", 
  "fields": {
    "action_flag": 1, 
    "action_time": "2014-01-21T22:42:24.799Z", 
    "object_repr": "Council meeting", 
    "object_id": "3", 
    "change_message": "", 
    "user": 1, 
    "content_type": 13
  }
},
{
  "pk": 55, 
  "model": "admin.logentry", 
  "fields": {
    "action_flag": 1, 
    "action_time": "2014-01-21T22:42:50.940Z", 
    "object_repr": "Council meeting", 
    "object_id": "4", 
    "change_message": "", 
    "user": 1, 
    "content_type": 13
  }
},
{
  "pk": 56, 
  "model": "admin.logentry", 
  "fields": {
    "action_flag": 1, 
    "action_time": "2014-01-21T22:43:36.688Z", 
    "object_repr": "Council meeting", 
    "object_id": "5", 
    "change_message": "", 
    "user": 1, 
    "content_type": 13
  }
},
{
  "pk": 57, 
  "model": "admin.logentry", 
  "fields": {
    "action_flag": 1, 
    "action_time": "2014-01-21T22:44:11.440Z", 
    "object_repr": "Council meeting", 
    "object_id": "6", 
    "change_message": "", 
    "user": 1, 
    "content_type": 13
  }
},
{
  "pk": 58, 
  "model": "admin.logentry", 
  "fields": {
    "action_flag": 1, 
    "action_time": "2014-01-21T22:45:53.528Z", 
    "object_repr": "Stealth workshop", 
    "object_id": "7", 
    "change_message": "", 
    "user": 1, 
    "content_type": 13
  }
},
{
  "pk": 59, 
  "model": "admin.logentry", 
  "fields": {
    "action_flag": 1, 
    "action_time": "2014-01-21T22:50:31.685Z", 
    "object_repr": "Stealth workshop", 
    "object_id": "8", 
    "change_message": "", 
    "user": 1, 
    "content_type": 13
  }
},
{
  "pk": 60, 
  "model": "admin.logentry", 
  "fields": {
    "action_flag": 2, 
    "action_time": "2014-01-21T23:00:46.835Z", 
    "object_repr": "Rules", 
    "object_id": "33", 
    "change_message": "No fields changed.", 
    "user": 1, 
    "content_type": 17
  }
},
{
  "pk": 61, 
  "model": "admin.logentry", 
  "fields": {
    "action_flag": 2, 
    "action_time": "2014-01-21T23:21:32.061Z", 
    "object_repr": "Phone", 
    "object_id": "29", 
    "change_message": "No fields changed.", 
    "user": 1, 
    "content_type": 17
  }
},
{
  "pk": 62, 
  "model": "admin.logentry", 
  "fields": {
    "action_flag": 2, 
    "action_time": "2014-01-22T03:26:39.176Z", 
    "object_repr": "Home", 
    "object_id": "1", 
    "change_message": "No fields changed.", 
    "user": 1, 
    "content_type": 17
  }
},
{
  "pk": 63, 
  "model": "admin.logentry", 
  "fields": {
    "action_flag": 2, 
    "action_time": "2014-01-22T15:58:39.283Z", 
    "object_repr": "Archive", 
    "object_id": "13", 
    "change_message": "No fields changed.", 
    "user": 1, 
    "content_type": 17
  }
},
{
  "pk": 64, 
  "model": "admin.logentry", 
  "fields": {
    "action_flag": 2, 
    "action_time": "2014-01-22T16:04:15.437Z", 
    "object_repr": "Community", 
    "object_id": "15", 
    "change_message": "No fields changed.", 
    "user": 1, 
    "content_type": 17
  }
},
{
  "pk": 65, 
  "model": "admin.logentry", 
  "fields": {
    "action_flag": 1, 
    "action_time": "2014-01-23T01:07:39.469Z", 
    "object_repr": "Pokemon", 
    "object_id": "18", 
    "change_message": "", 
    "user": 1, 
    "content_type": 9
  }
},
{
  "pk": 66, 
  "model": "admin.logentry", 
  "fields": {
    "action_flag": 2, 
    "action_time": "2014-01-23T01:08:09.532Z", 
    "object_repr": "Space Quest (working name)", 
    "object_id": "14", 
    "change_message": "Changed medium.", 
    "user": 1, 
    "content_type": 9
  }
},
{
  "pk": 67, 
  "model": "admin.logentry", 
  "fields": {
    "action_flag": 1, 
    "action_time": "2014-01-23T01:10:02.775Z", 
    "object_repr": "Karen", 
    "object_id": "12", 
    "change_message": "", 
    "user": 1, 
    "content_type": 10
  }
},
{
  "pk": 68, 
  "model": "admin.logentry", 
  "fields": {
    "action_flag": 2, 
    "action_time": "2014-01-23T01:10:14.560Z", 
    "object_repr": "Arch-duals", 
    "object_id": "6", 
    "change_message": "Changed language.", 
    "user": 1, 
    "content_type": 10
  }
},
{
  "pk": 69, 
  "model": "admin.logentry", 
  "fields": {
    "action_flag": 2, 
    "action_time": "2014-01-23T01:10:33.681Z", 
    "object_repr": "Elements", 
    "object_id": "8", 
    "change_message": "Changed species.", 
    "user": 1, 
    "content_type": 10
  }
},
{
  "pk": 70, 
  "model": "admin.logentry", 
  "fields": {
    "action_flag": 2, 
    "action_time": "2014-01-23T01:29:33.359Z", 
    "object_repr": "Community", 
    "object_id": "15", 
    "change_message": "No fields changed.", 
    "user": 1, 
    "content_type": 17
  }
},
{
  "pk": 71, 
  "model": "admin.logentry", 
  "fields": {
    "action_flag": 2, 
    "action_time": "2014-01-23T01:30:04.940Z", 
    "object_repr": "Archive", 
    "object_id": "13", 
    "change_message": "No fields changed.", 
    "user": 1, 
    "content_type": 17
  }
},
{
  "pk": 72, 
  "model": "admin.logentry", 
  "fields": {
    "action_flag": 2, 
    "action_time": "2014-01-23T01:30:30.556Z", 
    "object_repr": "Archive", 
    "object_id": "13", 
    "change_message": "No fields changed.", 
    "user": 1, 
    "content_type": 17
  }
},
{
  "pk": 73, 
  "model": "admin.logentry", 
  "fields": {
    "action_flag": 1, 
    "action_time": "2014-01-25T02:51:58.433Z", 
    "object_repr": "The Old Kingdom", 
    "object_id": "19", 
    "change_message": "", 
    "user": 1, 
    "content_type": 9
  }
},
{
  "pk": 74, 
  "model": "admin.logentry", 
  "fields": {
    "action_flag": 1, 
    "action_time": "2014-01-25T02:53:25.608Z", 
    "object_repr": "Webmaster object", 
    "object_id": "1", 
    "change_message": "", 
    "user": 1, 
    "content_type": 31
  }
},
{
  "pk": 75, 
  "model": "admin.logentry", 
  "fields": {
    "action_flag": 2, 
    "action_time": "2014-01-25T02:53:48.083Z", 
    "object_repr": "admin", 
    "object_id": "1", 
    "change_message": "Changed password, first_name and last_name.", 
    "user": 1, 
    "content_type": 3
  }
},
{
  "pk": 76, 
  "model": "admin.logentry", 
  "fields": {
    "action_flag": 1, 
    "action_time": "2014-01-25T02:54:06.045Z", 
    "object_repr": "staffuser", 
    "object_id": "2", 
    "change_message": "", 
    "user": 1, 
    "content_type": 3
  }
},
{
  "pk": 77, 
  "model": "admin.logentry", 
  "fields": {
    "action_flag": 2, 
    "action_time": "2014-01-25T02:54:13.500Z", 
    "object_repr": "staffuser", 
    "object_id": "2", 
    "change_message": "Changed password, first_name and last_name.", 
    "user": 1, 
    "content_type": 3
  }
},
{
  "pk": 78, 
  "model": "admin.logentry", 
  "fields": {
    "action_flag": 1, 
    "action_time": "2014-01-25T02:54:24.224Z", 
    "object_repr": "nonstaff", 
    "object_id": "3", 
    "change_message": "", 
    "user": 1, 
    "content_type": 3
  }
},
{
  "pk": 79, 
  "model": "admin.logentry", 
  "fields": {
    "action_flag": 2, 
    "action_time": "2014-01-25T02:54:30.188Z", 
    "object_repr": "nonstaff", 
    "object_id": "3", 
    "change_message": "Changed password, first_name and last_name.", 
    "user": 1, 
    "content_type": 3
  }
},
{
  "pk": 80, 
  "model": "admin.logentry", 
  "fields": {
    "action_flag": 1, 
    "action_time": "2014-01-25T02:54:41.047Z", 
    "object_repr": "Staff object", 
    "object_id": "1", 
    "change_message": "", 
    "user": 1, 
    "content_type": 33
  }
},
{
  "pk": 81, 
  "model": "admin.logentry", 
  "fields": {
    "action_flag": 2, 
    "action_time": "2014-01-25T17:59:10.555Z", 
    "object_repr": "Hexagon", 
    "object_id": "4", 
    "change_message": "Changed parent and description.", 
    "user": 1, 
    "content_type": 9
  }
},
{
  "pk": 1, 
  "model": "users.staff", 
  "fields": {
    "user": 2
  }
},
{
  "pk": 1, 
  "model": "users.webmaster", 
  "fields": {
    "user": 1
  }
}
]
