[
{
  "pk": 1, 
  "model": "cms.placeholder", 
  "fields": {
    "slot": "home_template_content", 
    "default_width": null
  }
},
{
  "pk": 2, 
  "model": "cms.placeholder", 
  "fields": {
    "slot": "base_content", 
    "default_width": null
  }
},
{
  "pk": 3, 
  "model": "cms.placeholder", 
  "fields": {
    "slot": "home_template_content", 
    "default_width": null
  }
},
{
  "pk": 4, 
  "model": "cms.placeholder", 
  "fields": {
    "slot": "base_content", 
    "default_width": null
  }
},
{
  "pk": 5, 
  "model": "cms.placeholder", 
  "fields": {
    "slot": "faq_template_content", 
    "default_width": null
  }
},
{
  "pk": 6, 
  "model": "cms.placeholder", 
  "fields": {
    "slot": "base_content", 
    "default_width": null
  }
},
{
  "pk": 7, 
  "model": "cms.placeholder", 
  "fields": {
    "slot": "faq_template_content", 
    "default_width": null
  }
},
{
  "pk": 8, 
  "model": "cms.placeholder", 
  "fields": {
    "slot": "base_content", 
    "default_width": null
  }
},
{
  "pk": 11, 
  "model": "cms.placeholder", 
  "fields": {
    "slot": "faq_template_content", 
    "default_width": null
  }
},
{
  "pk": 12, 
  "model": "cms.placeholder", 
  "fields": {
    "slot": "base_content", 
    "default_width": null
  }
},
{
  "pk": 15, 
  "model": "cms.placeholder", 
  "fields": {
    "slot": "faq_template_content", 
    "default_width": null
  }
},
{
  "pk": 16, 
  "model": "cms.placeholder", 
  "fields": {
    "slot": "base_content", 
    "default_width": null
  }
},
{
  "pk": 17, 
  "model": "cms.placeholder", 
  "fields": {
    "slot": "textpage_content", 
    "default_width": null
  }
},
{
  "pk": 18, 
  "model": "cms.placeholder", 
  "fields": {
    "slot": "base_content", 
    "default_width": null
  }
},
{
  "pk": 19, 
  "model": "cms.placeholder", 
  "fields": {
    "slot": "textpage_content", 
    "default_width": null
  }
},
{
  "pk": 20, 
  "model": "cms.placeholder", 
  "fields": {
    "slot": "base_content", 
    "default_width": null
  }
},
{
  "pk": 21, 
  "model": "cms.placeholder", 
  "fields": {
    "slot": "textpage_content", 
    "default_width": null
  }
},
{
  "pk": 22, 
  "model": "cms.placeholder", 
  "fields": {
    "slot": "base_content", 
    "default_width": null
  }
},
{
  "pk": 23, 
  "model": "cms.placeholder", 
  "fields": {
    "slot": "textpage_content", 
    "default_width": null
  }
},
{
  "pk": 24, 
  "model": "cms.placeholder", 
  "fields": {
    "slot": "base_content", 
    "default_width": null
  }
},
{
  "pk": 25, 
  "model": "cms.placeholder", 
  "fields": {
    "slot": "textpage_content", 
    "default_width": null
  }
},
{
  "pk": 26, 
  "model": "cms.placeholder", 
  "fields": {
    "slot": "base_content", 
    "default_width": null
  }
},
{
  "pk": 27, 
  "model": "cms.placeholder", 
  "fields": {
    "slot": "home_template_content", 
    "default_width": null
  }
},
{
  "pk": 28, 
  "model": "cms.placeholder", 
  "fields": {
    "slot": "textpage_content", 
    "default_width": null
  }
},
{
  "pk": 29, 
  "model": "cms.placeholder", 
  "fields": {
    "slot": "base_content", 
    "default_width": null
  }
},
{
  "pk": 30, 
  "model": "cms.placeholder", 
  "fields": {
    "slot": "home_template_content", 
    "default_width": null
  }
},
{
  "pk": 31, 
  "model": "cms.placeholder", 
  "fields": {
    "slot": "textpage_content", 
    "default_width": null
  }
},
{
  "pk": 32, 
  "model": "cms.placeholder", 
  "fields": {
    "slot": "base_content", 
    "default_width": null
  }
},
{
  "pk": 33, 
  "model": "cms.placeholder", 
  "fields": {
    "slot": "textpage_content", 
    "default_width": null
  }
},
{
  "pk": 34, 
  "model": "cms.placeholder", 
  "fields": {
    "slot": "base_content", 
    "default_width": null
  }
},
{
  "pk": 35, 
  "model": "cms.placeholder", 
  "fields": {
    "slot": "home_template_content", 
    "default_width": null
  }
},
{
  "pk": 36, 
  "model": "cms.placeholder", 
  "fields": {
    "slot": "base_content", 
    "default_width": null
  }
},
{
  "pk": 37, 
  "model": "cms.placeholder", 
  "fields": {
    "slot": "home_template_content", 
    "default_width": null
  }
},
{
  "pk": 38, 
  "model": "cms.placeholder", 
  "fields": {
    "slot": "base_content", 
    "default_width": null
  }
},
{
  "pk": 39, 
  "model": "cms.placeholder", 
  "fields": {
    "slot": "textpage_content", 
    "default_width": null
  }
},
{
  "pk": 40, 
  "model": "cms.placeholder", 
  "fields": {
    "slot": "textpage_content", 
    "default_width": null
  }
},
{
  "pk": 41, 
  "model": "cms.placeholder", 
  "fields": {
    "slot": "textpage_content", 
    "default_width": null
  }
},
{
  "pk": 42, 
  "model": "cms.placeholder", 
  "fields": {
    "slot": "base_content", 
    "default_width": null
  }
},
{
  "pk": 43, 
  "model": "cms.placeholder", 
  "fields": {
    "slot": "textpage_content", 
    "default_width": null
  }
},
{
  "pk": 44, 
  "model": "cms.placeholder", 
  "fields": {
    "slot": "base_content", 
    "default_width": null
  }
},
{
  "pk": 45, 
  "model": "cms.placeholder", 
  "fields": {
    "slot": "textpage_content", 
    "default_width": null
  }
},
{
  "pk": 46, 
  "model": "cms.placeholder", 
  "fields": {
    "slot": "base_content", 
    "default_width": null
  }
},
{
  "pk": 47, 
  "model": "cms.placeholder", 
  "fields": {
    "slot": "textpage_content", 
    "default_width": null
  }
},
{
  "pk": 48, 
  "model": "cms.placeholder", 
  "fields": {
    "slot": "base_content", 
    "default_width": null
  }
},
{
  "pk": 49, 
  "model": "cms.placeholder", 
  "fields": {
    "slot": "textpage_content", 
    "default_width": null
  }
},
{
  "pk": 50, 
  "model": "cms.placeholder", 
  "fields": {
    "slot": "base_content", 
    "default_width": null
  }
},
{
  "pk": 51, 
  "model": "cms.placeholder", 
  "fields": {
    "slot": "textpage_content", 
    "default_width": null
  }
},
{
  "pk": 52, 
  "model": "cms.placeholder", 
  "fields": {
    "slot": "base_content", 
    "default_width": null
  }
},
{
  "pk": 53, 
  "model": "cms.placeholder", 
  "fields": {
    "slot": "textpage_content", 
    "default_width": null
  }
},
{
  "pk": 54, 
  "model": "cms.placeholder", 
  "fields": {
    "slot": "base_content", 
    "default_width": null
  }
},
{
  "pk": 55, 
  "model": "cms.placeholder", 
  "fields": {
    "slot": "textpage_content", 
    "default_width": null
  }
},
{
  "pk": 56, 
  "model": "cms.placeholder", 
  "fields": {
    "slot": "base_content", 
    "default_width": null
  }
},
{
  "pk": 57, 
  "model": "cms.placeholder", 
  "fields": {
    "slot": "textpage_content", 
    "default_width": null
  }
},
{
  "pk": 58, 
  "model": "cms.placeholder", 
  "fields": {
    "slot": "base_content", 
    "default_width": null
  }
},
{
  "pk": 59, 
  "model": "cms.placeholder", 
  "fields": {
    "slot": "textpage_content", 
    "default_width": null
  }
},
{
  "pk": 60, 
  "model": "cms.placeholder", 
  "fields": {
    "slot": "base_content", 
    "default_width": null
  }
},
{
  "pk": 61, 
  "model": "cms.placeholder", 
  "fields": {
    "slot": "textpage_content", 
    "default_width": null
  }
},
{
  "pk": 62, 
  "model": "cms.placeholder", 
  "fields": {
    "slot": "base_content", 
    "default_width": null
  }
},
{
  "pk": 63, 
  "model": "cms.placeholder", 
  "fields": {
    "slot": "textpage_content", 
    "default_width": null
  }
},
{
  "pk": 64, 
  "model": "cms.placeholder", 
  "fields": {
    "slot": "base_content", 
    "default_width": null
  }
},
{
  "pk": 65, 
  "model": "cms.placeholder", 
  "fields": {
    "slot": "textpage_content", 
    "default_width": null
  }
},
{
  "pk": 66, 
  "model": "cms.placeholder", 
  "fields": {
    "slot": "base_content", 
    "default_width": null
  }
},
{
  "pk": 67, 
  "model": "cms.placeholder", 
  "fields": {
    "slot": "textpage_content", 
    "default_width": null
  }
},
{
  "pk": 68, 
  "model": "cms.placeholder", 
  "fields": {
    "slot": "base_content", 
    "default_width": null
  }
},
{
  "pk": 72, 
  "model": "cms.placeholder", 
  "fields": {
    "slot": "home_template_content", 
    "default_width": null
  }
},
{
  "pk": 73, 
  "model": "cms.placeholder", 
  "fields": {
    "slot": "base_content", 
    "default_width": null
  }
},
{
  "pk": 74, 
  "model": "cms.placeholder", 
  "fields": {
    "slot": "textpage_content", 
    "default_width": null
  }
},
{
  "pk": 77, 
  "model": "cms.placeholder", 
  "fields": {
    "slot": "textpage_content", 
    "default_width": null
  }
},
{
  "pk": 78, 
  "model": "cms.placeholder", 
  "fields": {
    "slot": "base_content", 
    "default_width": null
  }
},
{
  "pk": 79, 
  "model": "cms.placeholder", 
  "fields": {
    "slot": "textpage_content", 
    "default_width": null
  }
},
{
  "pk": 80, 
  "model": "cms.placeholder", 
  "fields": {
    "slot": "base_content", 
    "default_width": null
  }
},
{
  "pk": 81, 
  "model": "cms.placeholder", 
  "fields": {
    "slot": "textpage_content", 
    "default_width": null
  }
},
{
  "pk": 82, 
  "model": "cms.placeholder", 
  "fields": {
    "slot": "base_content", 
    "default_width": null
  }
},
{
  "pk": 83, 
  "model": "cms.placeholder", 
  "fields": {
    "slot": "home_template_content", 
    "default_width": null
  }
},
{
  "pk": 84, 
  "model": "cms.placeholder", 
  "fields": {
    "slot": "textpage_content", 
    "default_width": null
  }
},
{
  "pk": 85, 
  "model": "cms.placeholder", 
  "fields": {
    "slot": "textpage_content", 
    "default_width": null
  }
},
{
  "pk": 86, 
  "model": "cms.placeholder", 
  "fields": {
    "slot": "home_template_content", 
    "default_width": null
  }
},
{
  "pk": 89, 
  "model": "cms.placeholder", 
  "fields": {
    "slot": "home_template_content", 
    "default_width": null
  }
},
{
  "pk": 90, 
  "model": "cms.placeholder", 
  "fields": {
    "slot": "base_content", 
    "default_width": null
  }
},
{
  "pk": 1, 
  "model": "cms.cmsplugin", 
  "fields": {
    "rght": 2, 
    "changed_date": "2014-01-20T14:48:52.279Z", 
    "parent": null, 
    "language": "en", 
    "level": 0, 
    "creation_date": "2014-01-20T14:48:29.207Z", 
    "lft": 1, 
    "tree_id": 1, 
    "position": 0, 
    "placeholder": 2, 
    "plugin_type": "TextPlugin"
  }
},
{
  "pk": 2, 
  "model": "cms.cmsplugin", 
  "fields": {
    "rght": 2, 
    "changed_date": "2014-01-20T14:49:10.375Z", 
    "parent": null, 
    "language": "en", 
    "level": 0, 
    "creation_date": "2014-01-20T14:48:29.207Z", 
    "lft": 1, 
    "tree_id": 2, 
    "position": 0, 
    "placeholder": 4, 
    "plugin_type": "TextPlugin"
  }
},
{
  "pk": 1, 
  "model": "cms.page", 
  "fields": {
    "rght": 8, 
    "navigation_extenders": "", 
    "site": 1, 
    "creation_date": "2013-11-18T15:27:41.872Z", 
    "lft": 1, 
    "in_navigation": true, 
    "reverse_id": null, 
    "login_required": false, 
    "created_by": "admin", 
    "publication_end_date": null, 
    "template": "cms_page.html", 
    "tree_id": 1, 
    "placeholders": [
      1, 
      2
    ], 
    "changed_date": "2014-01-20T14:49:10.389Z", 
    "limit_visibility_in_menu": null, 
    "parent": null, 
    "publisher_state": 0, 
    "soft_root": false, 
    "publication_date": "2013-11-18T15:28:09.480Z", 
    "publisher_public": 2, 
    "level": 0, 
    "changed_by": "admin", 
    "publisher_is_draft": true, 
    "published": true
  }
},
{
  "pk": 2, 
  "model": "cms.page", 
  "fields": {
    "rght": 16, 
    "navigation_extenders": "", 
    "site": 1, 
    "creation_date": "2013-11-18T15:28:13.279Z", 
    "lft": 1, 
    "in_navigation": true, 
    "reverse_id": null, 
    "login_required": false, 
    "created_by": "admin", 
    "publication_end_date": null, 
    "template": "cms_page.html", 
    "tree_id": 2, 
    "placeholders": [
      3, 
      4
    ], 
    "changed_date": "2014-01-20T14:49:10.320Z", 
    "limit_visibility_in_menu": null, 
    "parent": null, 
    "publisher_state": 0, 
    "soft_root": false, 
    "publication_date": "2013-11-18T15:28:09.480Z", 
    "publisher_public": 1, 
    "level": 0, 
    "changed_by": "admin", 
    "publisher_is_draft": false, 
    "published": true
  }
},
{
  "pk": 3, 
  "model": "cms.page", 
  "fields": {
    "rght": 3, 
    "navigation_extenders": "", 
    "site": 1, 
    "creation_date": "2013-11-18T16:37:16.631Z", 
    "lft": 2, 
    "in_navigation": true, 
    "reverse_id": null, 
    "login_required": false, 
    "created_by": "admin", 
    "publication_end_date": null, 
    "template": "cms_page.html", 
    "tree_id": 1, 
    "placeholders": [
      5, 
      6, 
      83, 
      84
    ], 
    "changed_date": "2014-01-20T02:01:53.918Z", 
    "limit_visibility_in_menu": null, 
    "parent": 1, 
    "publisher_state": 0, 
    "soft_root": false, 
    "publication_date": "2013-11-18T16:37:27.004Z", 
    "publisher_public": 4, 
    "level": 1, 
    "changed_by": "admin", 
    "publisher_is_draft": true, 
    "published": true
  }
},
{
  "pk": 4, 
  "model": "cms.page", 
  "fields": {
    "rght": 7, 
    "navigation_extenders": "", 
    "site": 1, 
    "creation_date": "2013-11-18T16:41:33.292Z", 
    "lft": 4, 
    "in_navigation": true, 
    "reverse_id": null, 
    "login_required": false, 
    "created_by": "admin", 
    "publication_end_date": null, 
    "template": "cms_page.html", 
    "tree_id": 2, 
    "placeholders": [
      7, 
      8, 
      85, 
      86
    ], 
    "changed_date": "2014-01-20T02:01:53.876Z", 
    "limit_visibility_in_menu": null, 
    "parent": 2, 
    "publisher_state": 0, 
    "soft_root": false, 
    "publication_date": "2013-11-18T16:37:27.004Z", 
    "publisher_public": 3, 
    "level": 1, 
    "changed_by": "admin", 
    "publisher_is_draft": false, 
    "published": true
  }
},
{
  "pk": 9, 
  "model": "cms.page", 
  "fields": {
    "rght": 5, 
    "navigation_extenders": "", 
    "site": 1, 
    "creation_date": "2013-12-02T14:26:09.821Z", 
    "lft": 4, 
    "in_navigation": true, 
    "reverse_id": null, 
    "login_required": false, 
    "created_by": "admin", 
    "publication_end_date": null, 
    "template": "cms_page.html", 
    "tree_id": 1, 
    "placeholders": [
      17, 
      18
    ], 
    "changed_date": "2014-01-20T02:02:03.466Z", 
    "limit_visibility_in_menu": null, 
    "parent": 1, 
    "publisher_state": 0, 
    "soft_root": false, 
    "publication_date": "2013-12-02T14:26:47.741Z", 
    "publisher_public": 10, 
    "level": 1, 
    "changed_by": "admin", 
    "publisher_is_draft": true, 
    "published": true
  }
},
{
  "pk": 10, 
  "model": "cms.page", 
  "fields": {
    "rght": 9, 
    "navigation_extenders": "", 
    "site": 1, 
    "creation_date": "2013-12-02T14:26:50.302Z", 
    "lft": 8, 
    "in_navigation": true, 
    "reverse_id": null, 
    "login_required": false, 
    "created_by": "admin", 
    "publication_end_date": null, 
    "template": "cms_page.html", 
    "tree_id": 2, 
    "placeholders": [
      19, 
      20
    ], 
    "changed_date": "2014-01-20T02:02:03.431Z", 
    "limit_visibility_in_menu": null, 
    "parent": 2, 
    "publisher_state": 0, 
    "soft_root": false, 
    "publication_date": "2013-12-02T14:26:47.741Z", 
    "publisher_public": 9, 
    "level": 1, 
    "changed_by": "admin", 
    "publisher_is_draft": false, 
    "published": true
  }
},
{
  "pk": 11, 
  "model": "cms.page", 
  "fields": {
    "rght": 7, 
    "navigation_extenders": "", 
    "site": 1, 
    "creation_date": "2013-12-02T14:33:22.874Z", 
    "lft": 6, 
    "in_navigation": true, 
    "reverse_id": null, 
    "login_required": false, 
    "created_by": "admin", 
    "publication_end_date": null, 
    "template": "cms_page.html", 
    "tree_id": 1, 
    "placeholders": [
      21, 
      22
    ], 
    "changed_date": "2014-01-20T02:02:11.337Z", 
    "limit_visibility_in_menu": null, 
    "parent": 1, 
    "publisher_state": 0, 
    "soft_root": false, 
    "publication_date": "2013-12-02T14:33:40.829Z", 
    "publisher_public": 12, 
    "level": 1, 
    "changed_by": "admin", 
    "publisher_is_draft": true, 
    "published": true
  }
},
{
  "pk": 12, 
  "model": "cms.page", 
  "fields": {
    "rght": 11, 
    "navigation_extenders": "", 
    "site": 1, 
    "creation_date": "2013-12-02T14:33:45.788Z", 
    "lft": 10, 
    "in_navigation": true, 
    "reverse_id": null, 
    "login_required": false, 
    "created_by": "admin", 
    "publication_end_date": null, 
    "template": "cms_page.html", 
    "tree_id": 2, 
    "placeholders": [
      23, 
      24
    ], 
    "changed_date": "2014-01-20T02:02:11.302Z", 
    "limit_visibility_in_menu": null, 
    "parent": 2, 
    "publisher_state": 0, 
    "soft_root": false, 
    "publication_date": "2013-12-02T14:33:40.829Z", 
    "publisher_public": 11, 
    "level": 1, 
    "changed_by": "admin", 
    "publisher_is_draft": false, 
    "published": true
  }
},
{
  "pk": 13, 
  "model": "cms.page", 
  "fields": {
    "rght": 18, 
    "navigation_extenders": "", 
    "site": 1, 
    "creation_date": "2013-12-02T14:54:05.784Z", 
    "lft": 1, 
    "in_navigation": true, 
    "reverse_id": null, 
    "login_required": false, 
    "created_by": "admin", 
    "publication_end_date": null, 
    "template": "cms_page.html", 
    "tree_id": 12, 
    "placeholders": [
      25, 
      26, 
      27
    ], 
    "changed_date": "2014-01-20T02:03:19.347Z", 
    "limit_visibility_in_menu": null, 
    "parent": null, 
    "publisher_state": 0, 
    "soft_root": false, 
    "publication_date": "2013-12-02T14:59:43.110Z", 
    "publisher_public": 14, 
    "level": 0, 
    "changed_by": "admin", 
    "publisher_is_draft": true, 
    "published": true
  }
},
{
  "pk": 14, 
  "model": "cms.page", 
  "fields": {
    "rght": 18, 
    "navigation_extenders": "", 
    "site": 1, 
    "creation_date": "2013-12-02T14:59:48.078Z", 
    "lft": 1, 
    "in_navigation": true, 
    "reverse_id": null, 
    "login_required": false, 
    "created_by": "admin", 
    "publication_end_date": null, 
    "template": "cms_page.html", 
    "tree_id": 6, 
    "placeholders": [
      28, 
      29, 
      30
    ], 
    "changed_date": "2014-01-20T02:03:19.299Z", 
    "limit_visibility_in_menu": null, 
    "parent": null, 
    "publisher_state": 0, 
    "soft_root": false, 
    "publication_date": "2013-12-02T14:59:43.110Z", 
    "publisher_public": 13, 
    "level": 0, 
    "changed_by": "admin", 
    "publisher_is_draft": false, 
    "published": true
  }
},
{
  "pk": 15, 
  "model": "cms.page", 
  "fields": {
    "rght": 4, 
    "navigation_extenders": "", 
    "site": 1, 
    "creation_date": "2013-12-02T17:23:12.216Z", 
    "lft": 1, 
    "in_navigation": true, 
    "reverse_id": null, 
    "login_required": false, 
    "created_by": "admin", 
    "publication_end_date": null, 
    "template": "cms_page.html", 
    "tree_id": 13, 
    "placeholders": [
      31, 
      32
    ], 
    "changed_date": "2014-01-20T02:04:36.535Z", 
    "limit_visibility_in_menu": null, 
    "parent": null, 
    "publisher_state": 0, 
    "soft_root": false, 
    "publication_date": "2013-12-02T17:23:23.854Z", 
    "publisher_public": 16, 
    "level": 0, 
    "changed_by": "admin", 
    "publisher_is_draft": true, 
    "published": true
  }
},
{
  "pk": 16, 
  "model": "cms.page", 
  "fields": {
    "rght": 6, 
    "navigation_extenders": "", 
    "site": 1, 
    "creation_date": "2013-12-02T17:23:33.091Z", 
    "lft": 1, 
    "in_navigation": true, 
    "reverse_id": null, 
    "login_required": false, 
    "created_by": "admin", 
    "publication_end_date": null, 
    "template": "cms_page.html", 
    "tree_id": 7, 
    "placeholders": [
      33, 
      34
    ], 
    "changed_date": "2014-01-20T02:04:36.491Z", 
    "limit_visibility_in_menu": null, 
    "parent": null, 
    "publisher_state": 0, 
    "soft_root": false, 
    "publication_date": "2013-12-02T17:23:23.854Z", 
    "publisher_public": 15, 
    "level": 0, 
    "changed_by": "admin", 
    "publisher_is_draft": false, 
    "published": true
  }
},
{
  "pk": 17, 
  "model": "cms.page", 
  "fields": {
    "rght": 17, 
    "navigation_extenders": "", 
    "site": 1, 
    "creation_date": "2013-12-05T16:49:45.851Z", 
    "lft": 2, 
    "in_navigation": true, 
    "reverse_id": null, 
    "login_required": false, 
    "created_by": "admin", 
    "publication_end_date": null, 
    "template": "cms_page.html", 
    "tree_id": 12, 
    "placeholders": [
      35, 
      36, 
      39
    ], 
    "changed_date": "2014-01-20T02:03:29.073Z", 
    "limit_visibility_in_menu": null, 
    "parent": 13, 
    "publisher_state": 0, 
    "soft_root": false, 
    "publication_date": "2013-12-05T16:50:10.496Z", 
    "publisher_public": 18, 
    "level": 1, 
    "changed_by": "admin", 
    "publisher_is_draft": true, 
    "published": true
  }
},
{
  "pk": 18, 
  "model": "cms.page", 
  "fields": {
    "rght": 17, 
    "navigation_extenders": "", 
    "site": 1, 
    "creation_date": "2013-12-05T16:50:15.460Z", 
    "lft": 2, 
    "in_navigation": true, 
    "reverse_id": null, 
    "login_required": false, 
    "created_by": "admin", 
    "publication_end_date": null, 
    "template": "cms_page.html", 
    "tree_id": 6, 
    "placeholders": [
      37, 
      38, 
      40
    ], 
    "changed_date": "2014-01-20T02:03:29.035Z", 
    "limit_visibility_in_menu": null, 
    "parent": 14, 
    "publisher_state": 0, 
    "soft_root": false, 
    "publication_date": "2013-12-05T16:50:10.496Z", 
    "publisher_public": 17, 
    "level": 1, 
    "changed_by": "admin", 
    "publisher_is_draft": false, 
    "published": true
  }
},
{
  "pk": 19, 
  "model": "cms.page", 
  "fields": {
    "rght": 4, 
    "navigation_extenders": "", 
    "site": 1, 
    "creation_date": "2013-12-05T17:27:22.597Z", 
    "lft": 3, 
    "in_navigation": true, 
    "reverse_id": null, 
    "login_required": false, 
    "created_by": "admin", 
    "publication_end_date": null, 
    "template": "cms_page.html", 
    "tree_id": 12, 
    "placeholders": [
      41, 
      42
    ], 
    "changed_date": "2014-01-20T02:03:38.125Z", 
    "limit_visibility_in_menu": null, 
    "parent": 17, 
    "publisher_state": 0, 
    "soft_root": false, 
    "publication_date": "2013-12-05T17:27:40.752Z", 
    "publisher_public": 20, 
    "level": 2, 
    "changed_by": "admin", 
    "publisher_is_draft": true, 
    "published": true
  }
},
{
  "pk": 20, 
  "model": "cms.page", 
  "fields": {
    "rght": 4, 
    "navigation_extenders": "", 
    "site": 1, 
    "creation_date": "2013-12-05T17:27:45.715Z", 
    "lft": 3, 
    "in_navigation": true, 
    "reverse_id": null, 
    "login_required": false, 
    "created_by": "admin", 
    "publication_end_date": null, 
    "template": "cms_page.html", 
    "tree_id": 6, 
    "placeholders": [
      43, 
      44
    ], 
    "changed_date": "2014-01-20T02:03:38.089Z", 
    "limit_visibility_in_menu": null, 
    "parent": 18, 
    "publisher_state": 0, 
    "soft_root": false, 
    "publication_date": "2013-12-05T17:27:40.752Z", 
    "publisher_public": 19, 
    "level": 2, 
    "changed_by": "admin", 
    "publisher_is_draft": false, 
    "published": true
  }
},
{
  "pk": 21, 
  "model": "cms.page", 
  "fields": {
    "rght": 6, 
    "navigation_extenders": "", 
    "site": 1, 
    "creation_date": "2013-12-05T17:28:13.481Z", 
    "lft": 5, 
    "in_navigation": true, 
    "reverse_id": null, 
    "login_required": false, 
    "created_by": "admin", 
    "publication_end_date": null, 
    "template": "cms_page.html", 
    "tree_id": 12, 
    "placeholders": [
      45, 
      46
    ], 
    "changed_date": "2014-01-20T02:03:45.431Z", 
    "limit_visibility_in_menu": null, 
    "parent": 17, 
    "publisher_state": 0, 
    "soft_root": false, 
    "publication_date": "2013-12-05T17:28:32.382Z", 
    "publisher_public": 22, 
    "level": 2, 
    "changed_by": "admin", 
    "publisher_is_draft": true, 
    "published": true
  }
},
{
  "pk": 22, 
  "model": "cms.page", 
  "fields": {
    "rght": 6, 
    "navigation_extenders": "", 
    "site": 1, 
    "creation_date": "2013-12-05T17:28:37.346Z", 
    "lft": 5, 
    "in_navigation": true, 
    "reverse_id": null, 
    "login_required": false, 
    "created_by": "admin", 
    "publication_end_date": null, 
    "template": "cms_page.html", 
    "tree_id": 6, 
    "placeholders": [
      47, 
      48
    ], 
    "changed_date": "2014-01-20T02:03:45.395Z", 
    "limit_visibility_in_menu": null, 
    "parent": 18, 
    "publisher_state": 0, 
    "soft_root": false, 
    "publication_date": "2013-12-05T17:28:32.382Z", 
    "publisher_public": 21, 
    "level": 2, 
    "changed_by": "admin", 
    "publisher_is_draft": false, 
    "published": true
  }
},
{
  "pk": 23, 
  "model": "cms.page", 
  "fields": {
    "rght": 16, 
    "navigation_extenders": "", 
    "site": 1, 
    "creation_date": "2013-12-05T17:28:54.983Z", 
    "lft": 7, 
    "in_navigation": true, 
    "reverse_id": null, 
    "login_required": false, 
    "created_by": "admin", 
    "publication_end_date": null, 
    "template": "cms_page.html", 
    "tree_id": 12, 
    "placeholders": [
      49, 
      50
    ], 
    "changed_date": "2014-01-20T02:03:52.489Z", 
    "limit_visibility_in_menu": null, 
    "parent": 17, 
    "publisher_state": 0, 
    "soft_root": false, 
    "publication_date": "2013-12-05T17:29:20.948Z", 
    "publisher_public": 24, 
    "level": 2, 
    "changed_by": "admin", 
    "publisher_is_draft": true, 
    "published": true
  }
},
{
  "pk": 24, 
  "model": "cms.page", 
  "fields": {
    "rght": 16, 
    "navigation_extenders": "", 
    "site": 1, 
    "creation_date": "2013-12-05T17:29:25.912Z", 
    "lft": 7, 
    "in_navigation": true, 
    "reverse_id": null, 
    "login_required": false, 
    "created_by": "admin", 
    "publication_end_date": null, 
    "template": "cms_page.html", 
    "tree_id": 6, 
    "placeholders": [
      51, 
      52
    ], 
    "changed_date": "2014-01-20T02:03:52.439Z", 
    "limit_visibility_in_menu": null, 
    "parent": 18, 
    "publisher_state": 0, 
    "soft_root": false, 
    "publication_date": "2013-12-05T17:29:20.948Z", 
    "publisher_public": 23, 
    "level": 2, 
    "changed_by": "admin", 
    "publisher_is_draft": false, 
    "published": true
  }
},
{
  "pk": 25, 
  "model": "cms.page", 
  "fields": {
    "rght": 9, 
    "navigation_extenders": "", 
    "site": 1, 
    "creation_date": "2013-12-05T17:29:46.171Z", 
    "lft": 8, 
    "in_navigation": true, 
    "reverse_id": null, 
    "login_required": false, 
    "created_by": "admin", 
    "publication_end_date": null, 
    "template": "cms_page.html", 
    "tree_id": 12, 
    "placeholders": [
      53, 
      54
    ], 
    "changed_date": "2014-01-20T02:04:03.758Z", 
    "limit_visibility_in_menu": null, 
    "parent": 23, 
    "publisher_state": 0, 
    "soft_root": false, 
    "publication_date": "2013-12-05T17:30:09.748Z", 
    "publisher_public": 26, 
    "level": 3, 
    "changed_by": "admin", 
    "publisher_is_draft": true, 
    "published": true
  }
},
{
  "pk": 26, 
  "model": "cms.page", 
  "fields": {
    "rght": 9, 
    "navigation_extenders": "", 
    "site": 1, 
    "creation_date": "2013-12-05T17:30:14.710Z", 
    "lft": 8, 
    "in_navigation": true, 
    "reverse_id": null, 
    "login_required": false, 
    "created_by": "admin", 
    "publication_end_date": null, 
    "template": "cms_page.html", 
    "tree_id": 6, 
    "placeholders": [
      55, 
      56
    ], 
    "changed_date": "2014-01-20T02:04:03.710Z", 
    "limit_visibility_in_menu": null, 
    "parent": 24, 
    "publisher_state": 0, 
    "soft_root": false, 
    "publication_date": "2013-12-05T17:30:09.748Z", 
    "publisher_public": 25, 
    "level": 3, 
    "changed_by": "admin", 
    "publisher_is_draft": false, 
    "published": true
  }
},
{
  "pk": 27, 
  "model": "cms.page", 
  "fields": {
    "rght": 11, 
    "navigation_extenders": "", 
    "site": 1, 
    "creation_date": "2013-12-05T17:30:26.453Z", 
    "lft": 10, 
    "in_navigation": true, 
    "reverse_id": null, 
    "login_required": false, 
    "created_by": "admin", 
    "publication_end_date": null, 
    "template": "cms_page.html", 
    "tree_id": 12, 
    "placeholders": [
      57, 
      58
    ], 
    "changed_date": "2014-01-20T02:04:11.433Z", 
    "limit_visibility_in_menu": null, 
    "parent": 23, 
    "publisher_state": 0, 
    "soft_root": false, 
    "publication_date": "2013-12-05T17:30:39.835Z", 
    "publisher_public": 28, 
    "level": 3, 
    "changed_by": "admin", 
    "publisher_is_draft": true, 
    "published": true
  }
},
{
  "pk": 28, 
  "model": "cms.page", 
  "fields": {
    "rght": 11, 
    "navigation_extenders": "", 
    "site": 1, 
    "creation_date": "2013-12-05T17:30:44.798Z", 
    "lft": 10, 
    "in_navigation": true, 
    "reverse_id": null, 
    "login_required": false, 
    "created_by": "admin", 
    "publication_end_date": null, 
    "template": "cms_page.html", 
    "tree_id": 6, 
    "placeholders": [
      59, 
      60
    ], 
    "changed_date": "2014-01-20T02:04:11.397Z", 
    "limit_visibility_in_menu": null, 
    "parent": 24, 
    "publisher_state": 0, 
    "soft_root": false, 
    "publication_date": "2013-12-05T17:30:39.835Z", 
    "publisher_public": 27, 
    "level": 3, 
    "changed_by": "admin", 
    "publisher_is_draft": false, 
    "published": true
  }
},
{
  "pk": 29, 
  "model": "cms.page", 
  "fields": {
    "rght": 13, 
    "navigation_extenders": "", 
    "site": 1, 
    "creation_date": "2013-12-05T17:31:40.446Z", 
    "lft": 12, 
    "in_navigation": true, 
    "reverse_id": null, 
    "login_required": false, 
    "created_by": "admin", 
    "publication_end_date": null, 
    "template": "cms_page.html", 
    "tree_id": 12, 
    "placeholders": [
      61, 
      62
    ], 
    "changed_date": "2014-01-20T02:04:18.940Z", 
    "limit_visibility_in_menu": null, 
    "parent": 23, 
    "publisher_state": 0, 
    "soft_root": false, 
    "publication_date": "2013-12-05T17:31:56.642Z", 
    "publisher_public": 30, 
    "level": 3, 
    "changed_by": "admin", 
    "publisher_is_draft": true, 
    "published": true
  }
},
{
  "pk": 30, 
  "model": "cms.page", 
  "fields": {
    "rght": 13, 
    "navigation_extenders": "", 
    "site": 1, 
    "creation_date": "2013-12-05T17:32:05.980Z", 
    "lft": 12, 
    "in_navigation": true, 
    "reverse_id": null, 
    "login_required": false, 
    "created_by": "admin", 
    "publication_end_date": null, 
    "template": "cms_page.html", 
    "tree_id": 6, 
    "placeholders": [
      63, 
      64
    ], 
    "changed_date": "2014-01-20T02:04:18.902Z", 
    "limit_visibility_in_menu": null, 
    "parent": 24, 
    "publisher_state": 0, 
    "soft_root": false, 
    "publication_date": "2013-12-05T17:31:56.642Z", 
    "publisher_public": 29, 
    "level": 3, 
    "changed_by": "admin", 
    "publisher_is_draft": false, 
    "published": true
  }
},
{
  "pk": 31, 
  "model": "cms.page", 
  "fields": {
    "rght": 15, 
    "navigation_extenders": "", 
    "site": 1, 
    "creation_date": "2013-12-05T17:32:16.995Z", 
    "lft": 14, 
    "in_navigation": true, 
    "reverse_id": null, 
    "login_required": false, 
    "created_by": "admin", 
    "publication_end_date": null, 
    "template": "cms_page.html", 
    "tree_id": 12, 
    "placeholders": [
      65, 
      66
    ], 
    "changed_date": "2014-01-20T02:04:26.721Z", 
    "limit_visibility_in_menu": null, 
    "parent": 23, 
    "publisher_state": 0, 
    "soft_root": false, 
    "publication_date": "2013-12-05T17:32:34.193Z", 
    "publisher_public": 32, 
    "level": 3, 
    "changed_by": "admin", 
    "publisher_is_draft": true, 
    "published": true
  }
},
{
  "pk": 32, 
  "model": "cms.page", 
  "fields": {
    "rght": 15, 
    "navigation_extenders": "", 
    "site": 1, 
    "creation_date": "2013-12-05T17:32:42.291Z", 
    "lft": 14, 
    "in_navigation": true, 
    "reverse_id": null, 
    "login_required": false, 
    "created_by": "admin", 
    "publication_end_date": null, 
    "template": "cms_page.html", 
    "tree_id": 6, 
    "placeholders": [
      67, 
      68
    ], 
    "changed_date": "2014-01-20T02:04:26.685Z", 
    "limit_visibility_in_menu": null, 
    "parent": 24, 
    "publisher_state": 0, 
    "soft_root": false, 
    "publication_date": "2013-12-05T17:32:34.193Z", 
    "publisher_public": 31, 
    "level": 3, 
    "changed_by": "admin", 
    "publisher_is_draft": false, 
    "published": true
  }
},
{
  "pk": 33, 
  "model": "cms.page", 
  "fields": {
    "rght": 3, 
    "navigation_extenders": "", 
    "site": 1, 
    "creation_date": "2013-12-12T18:25:17.868Z", 
    "lft": 2, 
    "in_navigation": true, 
    "reverse_id": null, 
    "login_required": false, 
    "created_by": "admin", 
    "publication_end_date": null, 
    "template": "cms_page.html", 
    "tree_id": 13, 
    "placeholders": [
      79, 
      80
    ], 
    "changed_date": "2014-01-20T02:04:47.008Z", 
    "limit_visibility_in_menu": null, 
    "parent": 15, 
    "publisher_state": 0, 
    "soft_root": false, 
    "publication_date": "2013-12-12T18:25:28.179Z", 
    "publisher_public": 34, 
    "level": 1, 
    "changed_by": "admin", 
    "publisher_is_draft": true, 
    "published": true
  }
},
{
  "pk": 34, 
  "model": "cms.page", 
  "fields": {
    "rght": 3, 
    "navigation_extenders": "", 
    "site": 1, 
    "creation_date": "2013-12-12T18:25:33.144Z", 
    "lft": 2, 
    "in_navigation": true, 
    "reverse_id": null, 
    "login_required": false, 
    "created_by": "admin", 
    "publication_end_date": null, 
    "template": "cms_page.html", 
    "tree_id": 7, 
    "placeholders": [
      81, 
      82
    ], 
    "changed_date": "2014-01-20T02:04:46.971Z", 
    "limit_visibility_in_menu": null, 
    "parent": 16, 
    "publisher_state": 0, 
    "soft_root": false, 
    "publication_date": "2013-12-12T18:25:28.179Z", 
    "publisher_public": 33, 
    "level": 1, 
    "changed_by": "admin", 
    "publisher_is_draft": false, 
    "published": true
  }
},
{
  "pk": 1, 
  "model": "cms.title", 
  "fields": {
    "menu_title": "", 
    "redirect": "", 
    "meta_keywords": "", 
    "page_title": "", 
    "language": "en", 
    "title": "Home", 
    "has_url_overwrite": false, 
    "application_urls": "", 
    "creation_date": "2013-11-18T15:27:41.884Z", 
    "page": 1, 
    "path": "", 
    "meta_description": "", 
    "slug": "home"
  }
},
{
  "pk": 2, 
  "model": "cms.title", 
  "fields": {
    "menu_title": "", 
    "redirect": "", 
    "meta_keywords": "", 
    "page_title": "", 
    "language": "en", 
    "title": "Home", 
    "has_url_overwrite": false, 
    "application_urls": "", 
    "creation_date": "2013-11-18T15:27:41.884Z", 
    "page": 2, 
    "path": "", 
    "meta_description": "", 
    "slug": "home"
  }
},
{
  "pk": 3, 
  "model": "cms.title", 
  "fields": {
    "menu_title": "", 
    "redirect": "", 
    "meta_keywords": "", 
    "page_title": "", 
    "language": "en", 
    "title": "Help", 
    "has_url_overwrite": false, 
    "application_urls": "", 
    "creation_date": "2013-11-18T16:37:16.642Z", 
    "page": 3, 
    "path": "help", 
    "meta_description": "", 
    "slug": "help"
  }
},
{
  "pk": 4, 
  "model": "cms.title", 
  "fields": {
    "menu_title": "", 
    "redirect": "", 
    "meta_keywords": "", 
    "page_title": "", 
    "language": "en", 
    "title": "Help", 
    "has_url_overwrite": false, 
    "application_urls": "", 
    "creation_date": "2013-11-18T16:37:16.642Z", 
    "page": 4, 
    "path": "help", 
    "meta_description": "", 
    "slug": "help"
  }
},
{
  "pk": 9, 
  "model": "cms.title", 
  "fields": {
    "menu_title": "", 
    "redirect": "", 
    "meta_keywords": "", 
    "page_title": "", 
    "language": "en", 
    "title": "Bug report", 
    "has_url_overwrite": false, 
    "application_urls": "", 
    "creation_date": "2013-12-02T14:26:09.837Z", 
    "page": 9, 
    "path": "bug-report", 
    "meta_description": "", 
    "slug": "bug-report"
  }
},
{
  "pk": 10, 
  "model": "cms.title", 
  "fields": {
    "menu_title": "", 
    "redirect": "", 
    "meta_keywords": "", 
    "page_title": "", 
    "language": "en", 
    "title": "Bug report", 
    "has_url_overwrite": false, 
    "application_urls": "", 
    "creation_date": "2013-12-02T14:26:09.837Z", 
    "page": 10, 
    "path": "bug-report", 
    "meta_description": "", 
    "slug": "bug-report"
  }
},
{
  "pk": 11, 
  "model": "cms.title", 
  "fields": {
    "menu_title": "", 
    "redirect": "", 
    "meta_keywords": "", 
    "page_title": "", 
    "language": "en", 
    "title": "Copyright", 
    "has_url_overwrite": false, 
    "application_urls": "", 
    "creation_date": "2013-12-02T14:33:22.888Z", 
    "page": 11, 
    "path": "copyright", 
    "meta_description": "", 
    "slug": "copyright"
  }
},
{
  "pk": 12, 
  "model": "cms.title", 
  "fields": {
    "menu_title": "", 
    "redirect": "", 
    "meta_keywords": "", 
    "page_title": "", 
    "language": "en", 
    "title": "Copyright", 
    "has_url_overwrite": false, 
    "application_urls": "", 
    "creation_date": "2013-12-02T14:33:22.888Z", 
    "page": 12, 
    "path": "copyright", 
    "meta_description": "", 
    "slug": "copyright"
  }
},
{
  "pk": 13, 
  "model": "cms.title", 
  "fields": {
    "menu_title": "", 
    "redirect": "", 
    "meta_keywords": "", 
    "page_title": "", 
    "language": "en", 
    "title": "Archive", 
    "has_url_overwrite": false, 
    "application_urls": "ArchiveApphook", 
    "creation_date": "2013-12-02T14:54:05.800Z", 
    "page": 13, 
    "path": "archive", 
    "meta_description": "", 
    "slug": "archive"
  }
},
{
  "pk": 14, 
  "model": "cms.title", 
  "fields": {
    "menu_title": "", 
    "redirect": "", 
    "meta_keywords": "", 
    "page_title": "", 
    "language": "en", 
    "title": "Archive", 
    "has_url_overwrite": false, 
    "application_urls": "ArchiveApphook", 
    "creation_date": "2013-12-02T14:54:05.800Z", 
    "page": 14, 
    "path": "archive", 
    "meta_description": "", 
    "slug": "archive"
  }
},
{
  "pk": 15, 
  "model": "cms.title", 
  "fields": {
    "menu_title": "", 
    "redirect": "", 
    "meta_keywords": "", 
    "page_title": "", 
    "language": "en", 
    "title": "Community", 
    "has_url_overwrite": false, 
    "application_urls": "CommunityApphook", 
    "creation_date": "2013-12-02T17:23:12.230Z", 
    "page": 15, 
    "path": "community", 
    "meta_description": "", 
    "slug": "community"
  }
},
{
  "pk": 16, 
  "model": "cms.title", 
  "fields": {
    "menu_title": "", 
    "redirect": "", 
    "meta_keywords": "", 
    "page_title": "", 
    "language": "en", 
    "title": "Community", 
    "has_url_overwrite": false, 
    "application_urls": "CommunityApphook", 
    "creation_date": "2013-12-02T17:23:12.230Z", 
    "page": 16, 
    "path": "community", 
    "meta_description": "", 
    "slug": "community"
  }
},
{
  "pk": 17, 
  "model": "cms.title", 
  "fields": {
    "menu_title": "", 
    "redirect": "", 
    "meta_keywords": "", 
    "page_title": "", 
    "language": "en", 
    "title": "Documents", 
    "has_url_overwrite": false, 
    "application_urls": "", 
    "creation_date": "2013-12-05T16:49:45.864Z", 
    "page": 17, 
    "path": "archive/documents", 
    "meta_description": "", 
    "slug": "documents"
  }
},
{
  "pk": 18, 
  "model": "cms.title", 
  "fields": {
    "menu_title": "", 
    "redirect": "", 
    "meta_keywords": "", 
    "page_title": "", 
    "language": "en", 
    "title": "Documents", 
    "has_url_overwrite": false, 
    "application_urls": "", 
    "creation_date": "2013-12-05T16:49:45.864Z", 
    "page": 18, 
    "path": "archive/documents", 
    "meta_description": "", 
    "slug": "documents"
  }
},
{
  "pk": 19, 
  "model": "cms.title", 
  "fields": {
    "menu_title": "", 
    "redirect": "", 
    "meta_keywords": "", 
    "page_title": "", 
    "language": "en", 
    "title": "Interpreter", 
    "has_url_overwrite": false, 
    "application_urls": "", 
    "creation_date": "2013-12-05T17:27:22.610Z", 
    "page": 19, 
    "path": "archive/documents/interpreter", 
    "meta_description": "", 
    "slug": "interpreter"
  }
},
{
  "pk": 20, 
  "model": "cms.title", 
  "fields": {
    "menu_title": "", 
    "redirect": "", 
    "meta_keywords": "", 
    "page_title": "", 
    "language": "en", 
    "title": "Interpreter", 
    "has_url_overwrite": false, 
    "application_urls": "", 
    "creation_date": "2013-12-05T17:27:22.610Z", 
    "page": 20, 
    "path": "archive/documents/interpreter", 
    "meta_description": "", 
    "slug": "interpreter"
  }
},
{
  "pk": 21, 
  "model": "cms.title", 
  "fields": {
    "menu_title": "", 
    "redirect": "", 
    "meta_keywords": "", 
    "page_title": "", 
    "language": "en", 
    "title": "Blocked list", 
    "has_url_overwrite": false, 
    "application_urls": "", 
    "creation_date": "2013-12-05T17:28:13.496Z", 
    "page": 21, 
    "path": "archive/documents/blocked-list", 
    "meta_description": "", 
    "slug": "blocked-list"
  }
},
{
  "pk": 22, 
  "model": "cms.title", 
  "fields": {
    "menu_title": "", 
    "redirect": "", 
    "meta_keywords": "", 
    "page_title": "", 
    "language": "en", 
    "title": "Blocked list", 
    "has_url_overwrite": false, 
    "application_urls": "", 
    "creation_date": "2013-12-05T17:28:13.496Z", 
    "page": 22, 
    "path": "archive/documents/blocked-list", 
    "meta_description": "", 
    "slug": "blocked-list"
  }
},
{
  "pk": 23, 
  "model": "cms.title", 
  "fields": {
    "menu_title": "", 
    "redirect": "", 
    "meta_keywords": "", 
    "page_title": "", 
    "language": "en", 
    "title": "Membership", 
    "has_url_overwrite": false, 
    "application_urls": "", 
    "creation_date": "2013-12-05T17:28:54.998Z", 
    "page": 23, 
    "path": "archive/documents/membership", 
    "meta_description": "", 
    "slug": "membership"
  }
},
{
  "pk": 24, 
  "model": "cms.title", 
  "fields": {
    "menu_title": "", 
    "redirect": "", 
    "meta_keywords": "", 
    "page_title": "", 
    "language": "en", 
    "title": "Membership", 
    "has_url_overwrite": false, 
    "application_urls": "", 
    "creation_date": "2013-12-05T17:28:54.998Z", 
    "page": 24, 
    "path": "archive/documents/membership", 
    "meta_description": "", 
    "slug": "membership"
  }
},
{
  "pk": 25, 
  "model": "cms.title", 
  "fields": {
    "menu_title": "", 
    "redirect": "", 
    "meta_keywords": "", 
    "page_title": "", 
    "language": "en", 
    "title": "Travel", 
    "has_url_overwrite": false, 
    "application_urls": "", 
    "creation_date": "2013-12-05T17:29:46.185Z", 
    "page": 25, 
    "path": "archive/documents/membership/travel", 
    "meta_description": "", 
    "slug": "travel"
  }
},
{
  "pk": 26, 
  "model": "cms.title", 
  "fields": {
    "menu_title": "", 
    "redirect": "", 
    "meta_keywords": "", 
    "page_title": "", 
    "language": "en", 
    "title": "Travel", 
    "has_url_overwrite": false, 
    "application_urls": "", 
    "creation_date": "2013-12-05T17:29:46.185Z", 
    "page": 26, 
    "path": "archive/documents/membership/travel", 
    "meta_description": "", 
    "slug": "travel"
  }
},
{
  "pk": 27, 
  "model": "cms.title", 
  "fields": {
    "menu_title": "", 
    "redirect": "", 
    "meta_keywords": "", 
    "page_title": "", 
    "language": "en", 
    "title": "Trade", 
    "has_url_overwrite": false, 
    "application_urls": "", 
    "creation_date": "2013-12-05T17:30:26.469Z", 
    "page": 27, 
    "path": "archive/documents/membership/trade", 
    "meta_description": "", 
    "slug": "trade"
  }
},
{
  "pk": 28, 
  "model": "cms.title", 
  "fields": {
    "menu_title": "", 
    "redirect": "", 
    "meta_keywords": "", 
    "page_title": "", 
    "language": "en", 
    "title": "Trade", 
    "has_url_overwrite": false, 
    "application_urls": "", 
    "creation_date": "2013-12-05T17:30:26.469Z", 
    "page": 28, 
    "path": "archive/documents/membership/trade", 
    "meta_description": "", 
    "slug": "trade"
  }
},
{
  "pk": 29, 
  "model": "cms.title", 
  "fields": {
    "menu_title": "", 
    "redirect": "", 
    "meta_keywords": "", 
    "page_title": "", 
    "language": "en", 
    "title": "Phone", 
    "has_url_overwrite": false, 
    "application_urls": "", 
    "creation_date": "2013-12-05T17:31:40.462Z", 
    "page": 29, 
    "path": "archive/documents/membership/phone", 
    "meta_description": "", 
    "slug": "phone"
  }
},
{
  "pk": 30, 
  "model": "cms.title", 
  "fields": {
    "menu_title": "", 
    "redirect": "", 
    "meta_keywords": "", 
    "page_title": "", 
    "language": "en", 
    "title": "Phone", 
    "has_url_overwrite": false, 
    "application_urls": "", 
    "creation_date": "2013-12-05T17:31:40.462Z", 
    "page": 30, 
    "path": "archive/documents/membership/phone", 
    "meta_description": "", 
    "slug": "phone"
  }
},
{
  "pk": 31, 
  "model": "cms.title", 
  "fields": {
    "menu_title": "", 
    "redirect": "", 
    "meta_keywords": "", 
    "page_title": "", 
    "language": "en", 
    "title": "Council", 
    "has_url_overwrite": false, 
    "application_urls": "", 
    "creation_date": "2013-12-05T17:32:17.010Z", 
    "page": 31, 
    "path": "archive/documents/membership/council", 
    "meta_description": "", 
    "slug": "council"
  }
},
{
  "pk": 32, 
  "model": "cms.title", 
  "fields": {
    "menu_title": "", 
    "redirect": "", 
    "meta_keywords": "", 
    "page_title": "", 
    "language": "en", 
    "title": "Council", 
    "has_url_overwrite": false, 
    "application_urls": "", 
    "creation_date": "2013-12-05T17:32:17.010Z", 
    "page": 32, 
    "path": "archive/documents/membership/council", 
    "meta_description": "", 
    "slug": "council"
  }
},
{
  "pk": 33, 
  "model": "cms.title", 
  "fields": {
    "menu_title": "", 
    "redirect": "", 
    "meta_keywords": "", 
    "page_title": "", 
    "language": "en", 
    "title": "Rules", 
    "has_url_overwrite": false, 
    "application_urls": "", 
    "creation_date": "2013-12-12T18:25:17.886Z", 
    "page": 33, 
    "path": "community/rules", 
    "meta_description": "", 
    "slug": "rules"
  }
},
{
  "pk": 34, 
  "model": "cms.title", 
  "fields": {
    "menu_title": "", 
    "redirect": "", 
    "meta_keywords": "", 
    "page_title": "", 
    "language": "en", 
    "title": "Rules", 
    "has_url_overwrite": false, 
    "application_urls": "", 
    "creation_date": "2013-12-12T18:25:17.886Z", 
    "page": 34, 
    "path": "community/rules", 
    "meta_description": "", 
    "slug": "rules"
  }
},
{
  "pk": 1, 
  "model": "text.text", 
  "fields": {
    "body": "<p>Home page text</p>"
  }
},
{
  "pk": 2, 
  "model": "text.text", 
  "fields": {
    "body": "<p>Home page text</p>"
  }
}
]
